hotel_id,current_price,current_occupancy,current_revpar,peer_avg_price,peer_avg_occupancy,peer_avg_revpar,price_premium_pct,occupancy_penalty_pct,revpar_loss_pct,price_percentile,occupancy_percentile,n_peer_comparisons,optimal_price,optimal_occupancy,optimal_revpar,revenue_opportunity,price_reduction_pct
14340,71.34241541353383,0.1920698881149292,13.661670390887087,39.72072693383039,0.27002688497304916,10.72365066610617,79.61004473151031,-28.870087089995017,27.39757025158422,100.0,0.0,2,71.34241541353383,0.1920698881149292,13.702729746326243,0.041059355439156064,0.0
14347,103.19092970521541,0.28518518805503845,29.42852469355611,70.286375,0.29629629850387573,20.82559274775535,46.8149832812055,-3.7499997485429066,41.30942177733697,100.0,0.0,1,103.19092970521541,0.28518518805503845,29.42852469355611,0.0,0.0
24600,73.67064814814816,0.6000000238418579,44.20239064533402,47.79245614035087,0.7124999761581421,34.05212386053905,54.14702255896092,-15.789467520110398,29.808028498796528,100.0,0.0,1,73.67064814814816,0.6000000238418579,44.20239064533402,0.0,0.0
20507,168.29999999999998,0.13333334028720856,22.440001170337197,63.77,0.20000000298023224,12.75400019004941,163.9172024462913,-33.3333308498065,75.94480818531541,100.0,0.0,1,168.29999999999998,0.13333334028720856,22.440001170337197,0.0,0.0
12324,132.78208333333333,0.484274186193943,64.3010861975141,73.34950992740532,0.6474462300539017,49.549491055270074,81.02654464187827,-25.20240852222958,29.771436251059217,100.0,25.0,4,132.78208333333333,0.484274186193943,64.30293534738632,0.001849149872228395,0.0
8231,122.51151515151516,0.21290323138237,26.08309745730776,78.50264705882353,0.21935483813285828,17.219935438589136,56.060361964246816,-2.941173673397935,51.47035568354488,100.0,0.0,1,122.51151515151516,0.21290323138237,26.08309745730776,0.0,0.0
10281,107.6605882352941,0.28333333134651184,30.503833119430958,46.193478260869576,0.38333332538604736,17.707499632887224,133.0644763905844,-26.086955507671426,72.26505013038523,100.0,0.0,1,107.6605882352941,0.28333333134651184,30.503833119430958,0.0,0.0
24629,122.63517241379309,0.08055555820465088,9.878944769316705,58.65181818181818,0.09777777642011642,5.734844364815137,109.09014624854288,-17.61363251038537,72.26177627289722,100.0,0.0,1,122.63517241379309,0.08055555820465088,9.878944769316705,0.0,0.0
10302,120.31795783926219,0.17213262245059013,19.732808860314716,67.05897286165651,0.23658474534749985,15.552566692783444,79.42111652601602,-27.24272133532587,26.878149762064346,100.0,50.0,2,120.31795783926219,0.17213262245059013,20.710645610771742,0.9778367504570262,0.0
18495,152.48738095238096,0.11290322244167328,17.570782886488097,95.5859090909091,0.126728106290102,12.139792212403634,59.52914232091935,-10.909090534960916,44.737097464777335,100.0,50.0,2,152.48738095238096,0.11290322244167328,17.570782886488097,0.0,0.0
10303,79.76457142857143,0.24137930572032928,19.253516872508186,60.358157894736834,0.2620689570903778,15.817999491370037,32.15209709958165,-7.894735645059034,21.719038384167952,100.0,0.0,1,79.76457142857143,0.24137930572032928,19.253516872508186,0.0,0.0
24641,91.93271186440677,0.19032257795333862,17.496870720275375,50.8075,0.2084367275238037,10.590149033665657,80.94319119107764,-8.690478777736727,65.21836156085743,100.0,0.0,1,91.93271186440677,0.19032257795333862,17.496870720275375,0.0,0.0
16446,147.52097826086955,0.17078853771090508,25.391210763166942,65.08960317460317,0.24873271584510803,16.180759530434056,126.64292155099461,-31.336520356550405,56.922242836679814,100.0,50.0,2,147.52097826086955,0.17078853771090508,25.391210763166942,0.0,0.0
12357,496.70769230769235,0.4000000059604645,199.69231059276143,171.00505514705884,0.550000011920929,93.97540687423498,190.46374791700734,-27.27272776532763,112.49422294069431,100.0,0.0,2,496.70769230769235,0.4000000059604645,199.69231059276143,0.0,0.0
10315,102.7817857142857,0.31111112236976624,31.97655671274023,80.71000000000001,0.3222222328186035,26.006556410789493,27.34702727578453,-3.4482755431380587,22.955750879320295,100.0,0.0,1,102.7817857142857,0.31111112236976624,31.97655671274023,0.0,0.0
20556,110.67818471337581,0.18087556958198547,20.018979700332046,64.02735645652683,0.2530241906642914,16.200470047786794,72.86077520399247,-28.51451511133637,23.570363336876838,100.0,0.0,1,110.67818471337581,0.18087556958198547,20.018979700332046,0.0,0.0
8271,109.29179187390623,0.25782258063554764,28.121597524039927,63.88165929598857,0.29109446704387665,18.545770495392453,71.08477312324474,-11.429927454895232,51.63348177432968,100.0,0.0,4,109.29179187390623,0.25782258063554764,28.17789182321368,0.056294299173753615,0.0
22615,182.48295454545453,0.5161290168762207,94.18474792621352,90.98933186195825,0.57419353723526,52.245486312490755,100.55423071168728,-10.112360483648036,80.2734639369143,100.0,0.0,1,182.48295454545453,0.5161290168762207,94.18474792621352,0.0,0.0
12398,135.56127645502647,0.17780338320881128,19.200285682891295,71.39930704898447,0.23303571715950966,15.818651633076591,89.86357439298789,-23.701231134836135,21.377511359715083,100.0,50.0,2,135.56127645502647,0.17780338320881128,24.103253585808677,4.902967902917382,0.0
22643,111.86557915057915,0.43582599610090256,45.5288466752194,76.72782338017174,0.4518817327916622,37.95264031190789,45.79532459340926,-3.5530838105735234,19.962264287932612,100.0,50.0,2,111.86557915057915,0.43582599610090256,48.75392746270551,3.225080787486114,0.0
8309,111.25181643625197,0.5,55.625908218125986,67.52195718654433,0.5274193286895752,35.612385331133446,64.76390950708706,-5.198772058221907,56.1982094175986,100.0,0.0,1,111.25181643625197,0.5,55.625908218125986,0.0,0.0
20598,248.27699419061915,0.5570114850997925,134.18992783206264,97.22942516478514,0.7331609129905701,71.84606871685465,155.351704249858,-24.026025497221674,86.77421079350233,100.0,0.0,2,248.27699419061915,0.5570114850997925,138.29313725022934,4.103209418166699,0.0
6271,147.6985185185185,0.1862068921327591,27.502482105946097,70.52586206896552,0.25,17.63146551724138,109.42461982823795,-25.517243146896362,55.98523037720313,100.0,0.0,1,147.6985185185185,0.1862068921327591,27.502482105946097,0.0,0.0
8324,160.91216216216216,0.45967742800712585,68.4717748535646,95.01773203169213,0.5564516186714172,52.97922098906501,69.34961372103857,-17.391303649246137,29.24269850569768,100.0,0.0,2,160.91216216216216,0.45967742800712585,73.96768883776826,5.495913984203668,0.0
10382,148.395,0.16091954708099365,23.879656189084056,52.944428571428574,0.21551723778247833,11.410437001686011,180.28444919335908,-25.33332890828443,109.27906780043206,100.0,0.0,1,148.395,0.16091954708099365,23.879656189084056,0.0,0.0
14481,178.9345689655172,0.4677419364452362,83.69520178492468,116.20299145299145,0.4717741906642914,54.82157224550461,53.984477273894505,-0.8547000448196365,52.668371877619236,100.0,0.0,1,178.9345689655172,0.4677419364452362,83.69520178492468,0.0,0.0
14483,91.47298533218293,0.5606182813644409,51.154274334009614,64.62499591503267,0.6655914187431335,42.55690728477013,41.54428025411301,-15.771407867144404,20.202048498755044,100.0,0.0,2,91.47298533218293,0.5606182813644409,51.28142782820311,0.1271534941934931,0.0
14484,116.5271794871795,0.6290322542190552,73.29935439060897,97.83374999999998,0.6451612710952759,63.11854650601743,19.107342289526382,-2.499997690319946,16.129661483286764,100.0,0.0,1,116.5271794871795,0.6290322542190552,73.29935439060897,0.0,0.0
14485,154.6288888888889,0.29032257199287415,44.892256726622584,136.0275,0.32258063554763794,43.87983740195632,13.674726719883031,-10.0,2.3072540478947263,100.0,0.0,1,154.6288888888889,0.29032257199287415,44.892256726622584,0.0,0.0
6299,93.69527859237537,0.16853843381007513,15.764510024886357,58.94203247773703,0.219212606549263,12.752101442331634,58.961736902718755,-23.116450069581198,23.622840487723764,100.0,33.33333333333333,3,93.69527859237537,0.16853843381007513,15.791255509357606,0.026745484471248915,0.0
14496,175.5,0.08965517580509186,15.734483353793621,71.35333333333332,0.1034482792019844,7.381379548658926,145.95907689432872,-13.333332853184821,113.16453448938705,100.0,0.0,1,175.5,0.08965517580509186,15.734483353793621,0.0,0.0
14498,112.18421052631578,0.22983871400356293,25.002419825447234,59.227207977207975,0.32258064299821854,19.919354740047346,89.41330236179107,-28.749998181127,25.518221607753773,100.0,50.0,2,112.18421052631578,0.22983871400356293,25.784274678873388,0.7818548534261538,0.0
26786,700.0,0.32258063554763794,225.80644488334656,291.84,0.4838709533214569,141.21289901733397,139.8574561403509,-33.33333333333333,59.90497076023394,100.0,0.0,1,700.0,0.32258063554763794,225.80644488334656,0.0,0.0
12452,161.51708333333335,0.5161290168762207,83.36365342954795,90.0,0.5483871102333069,49.35483992099762,79.46342592592595,-5.882358056038596,68.90674463332938,100.0,0.0,1,161.51708333333335,0.5161290168762207,83.36365342954795,0.0,0.0
6308,61.45060606060607,0.09677419066429138,5.946832667345351,46.421875,0.10322580486536026,4.791935410234146,32.37424395418339,-6.250001353328137,24.100851915589033,100.0,0.0,1,61.45060606060607,0.09677419066429138,5.946832667345351,0.0,0.0
10413,72.60414208718315,0.3515770534674327,25.565029323501165,44.72481250603172,0.43338097135225934,19.707080829726774,62.335263177216326,-18.875752119336838,29.72509497671557,100.0,33.33333333333333,3,72.60414208718315,0.3515770534674327,25.565029323501165,0.0,0.0
6318,462.3,0.3333333432674408,154.10000459253789,188.5739010989011,0.4333333373069763,81.71535789218251,145.1558764526689,-23.076921489817163,88.58144731601331,100.0,0.0,1,462.3,0.3333333432674408,154.10000459253789,0.0,0.0
14515,87.28164414414414,0.14645161355535188,13.023763481212091,57.655249033600946,0.18796211232741675,10.287576204594641,51.38542562408707,-22.084503232096317,26.5970061577324,100.0,33.33333333333333,3,87.28164414414414,0.14645161355535188,13.023763481212091,0.0,0.0
8379,67.04166666666667,0.07999999821186066,5.363333213453492,32.83,0.0833333358168602,2.7358334148675203,104.20854909127833,-4.000005006790012,96.04019690333395,100.0,0.0,1,67.04166666666667,0.07999999821186066,5.363333213453492,0.0,0.0
6333,112.6699339464883,0.4278673827648163,48.887775065202575,80.01163795460761,0.49905914068222046,41.20415071751859,40.81693216980319,-14.265194666123959,18.647694986750878,100.0,0.0,2,112.6699339464883,0.4278673827648163,48.887775065202575,0.0,0.0
26817,148.201,0.16129031777381897,23.903386384397745,68.84615384615384,0.20967741310596466,14.435483440756796,115.26402234636872,-23.076923076923077,65.58770949720673,100.0,0.0,1,148.201,0.16129031777381897,23.903386384397745,0.0,0.0
6339,251.3028846153846,0.4166666716337204,104.64150125229014,97.90285714285713,0.5833333283662796,58.36049943917563,156.68595580279177,-28.571427111722976,79.30192897226557,100.0,0.0,2,251.3028846153846,0.4166666716337204,104.70953650464519,0.06803525235504537,0.0
12489,102.23145933014354,0.40387097001075745,41.24026905533752,46.74926207584831,0.5022401511669159,24.07931524036534,118.68037010782797,-19.5860846504616,71.26844614835404,100.0,0.0,2,102.23145933014354,0.40387097001075745,41.28831864528037,0.048049589942849025,0.0
12492,225.4997619047619,0.1340378150343895,30.10813297100365,118.27466666666666,0.20995549857616425,23.87247969587644,90.65770232968619,-36.158940373850015,26.120676840304576,100.0,0.0,2,225.4997619047619,0.1340378150343895,30.225495376489345,0.11736240548569654,0.0
16596,236.6668646262387,0.33225807547569275,78.56312663583053,88.60712650219239,0.57419353723526,50.88665649174766,167.09687354592512,-42.134828428143884,54.38846261901917,100.0,0.0,2,236.6668646262387,0.33225807547569275,78.63447696958038,0.071350333749848,0.0
10457,141.27782328799432,0.4211469491322835,63.80622978218554,57.70534184587814,0.45356794198354083,27.572182727269425,144.8262479153578,-7.1479903781281395,131.41522894043473,100.0,33.33333333333333,3,141.27782328799432,0.4211469491322835,63.80622978218554,0.0,0.0
14561,133.17310958199707,0.4820788502693176,69.26513689663183,102.12400839857963,0.5770609229803085,54.81012155304512,30.403331861236726,-16.459626519231843,26.372894155319788,100.0,33.33333333333333,3,133.17310958199707,0.4820788502693176,69.26513689663183,0.0,0.0
22754,79.42088235294119,0.13402299210429192,10.372860044922461,44.244431818181816,0.16861185431480408,6.970296452401036,79.50480792546635,-20.5138970513506,48.81519194709939,100.0,50.0,2,79.42088235294119,0.13402299210429192,10.644224288504134,0.2713642435816723,0.0
8420,110.39928571428572,0.23333333432674408,25.759833443005174,76.84666666666665,0.25,19.211666666666662,43.66177545886061,-6.666666269302368,34.08432433246385,100.0,0.0,1,110.39928571428572,0.23333333432674408,25.759833443005174,0.0,0.0
10472,119.34389251759123,0.3285316973924637,39.208930917532214,65.124469431037,0.3933815360069275,25.466795949608347,83.25507072878256,-16.485226854501324,53.96098902710691,100.0,0.0,2,119.34389251759123,0.3285316973924637,39.208930917532214,0.0,0.0
10474,268.56050955414014,0.5627239942550659,151.12544263548153,117.55914786967419,0.6895161271095276,81.05892834539402,128.44713867088058,-18.38856668747954,86.43898423074683,100.0,0.0,1,268.56050955414014,0.5627239942550659,151.12544263548153,0.0,0.0
10475,89.98393386307005,0.4873978555202484,43.97149475307758,42.6802763275208,0.6767601132392883,28.640740085903577,110.8325943640792,-27.980706016000877,53.527788112987714,100.0,0.0,5,89.98393386307005,0.4873978555202484,43.97149475307758,0.0,0.0
14578,79.36842105263158,0.2451612949371338,19.458064882378828,50.111111111111114,0.29032257199287415,14.548386663198473,58.384875714785835,-15.555551449457683,33.74723488481271,100.0,0.0,1,79.36842105263158,0.2451612949371338,19.458064882378828,0.0,0.0
12538,127.6086956521739,0.12777778506278992,16.30555648518645,58.899354838709684,0.12916666269302368,7.607833099288326,116.65550667170848,-1.0752601339051073,114.32589638055745,100.0,0.0,1,127.6086956521739,0.12777778506278992,16.30555648518645,0.0,0.0
22781,624.0,0.2822580635547638,176.1290316581726,437.7215909090909,0.34408602118492126,150.6138806026429,42.556367554095985,-17.968750202999217,16.940769969831045,100.0,0.0,1,624.0,0.2822580635547638,176.1290316581726,0.0,0.0
14594,115.19238190381205,0.4465322606265545,51.77528741898083,53.70476346056813,0.5580169558525085,30.578720767795396,114.49192675132109,-19.978728971709057,69.31802939745286,100.0,25.0,4,115.19238190381205,0.4465322606265545,51.77528741898083,0.0,0.0
10499,73.6711879699248,0.272988498210907,20.11138696532321,35.63006211180124,0.33990147709846497,12.110710740911292,106.7669366917094,-19.685992381896643,66.06281328629844,100.0,0.0,1,73.6711879699248,0.272988498210907,20.11138696532321,0.0,0.0
10500,65.0364512325578,0.44556451588869095,30.186268346744892,39.90171927563995,0.5006268620491028,20.17302231983278,62.99160139764361,-10.998679922015686,49.63681627947119,100.0,50.0,4,65.0364512325578,0.44556451588869095,30.186268346744892,0.0,0.0
10501,202.5137803666713,0.2612331559260686,53.22380770141282,102.33957506513671,0.3675833245118459,37.357813201484895,97.88413254381415,-28.93226147486731,42.47035128731058,100.0,16.666666666666664,6,202.5137803666713,0.2612331559260686,53.22380770141282,0.0,0.0
10510,109.66727984344423,0.13518518209457397,14.82539119545261,91.10300653594771,0.14166666567325592,12.906259168756554,20.37723453195957,-4.575164911152089,14.869777536638093,100.0,0.0,1,109.66727984344423,0.13518518209457397,14.82539119545261,0.0,0.0
22798,168.44337837837838,0.24666666984558105,41.549367202133745,109.83658536585367,0.34166666865348816,37.52750021822569,53.358170974918686,-27.804877538187462,10.717119340538398,100.0,0.0,1,168.44337837837838,0.24666666984558105,41.549367202133745,0.0,0.0
10521,105.30367451185714,0.5284946113824844,62.07064302993437,64.9725264061492,0.6352508962154388,45.139564036201534,62.07415708848113,-16.805373352318593,37.50829090895573,100.0,33.33333333333333,3,105.30367451185714,0.5284946113824844,62.07064302993437,0.0,0.0
10523,79.38710054105884,0.4116666615009308,32.454225699879345,50.12095763305322,0.44001536071300507,21.63200937997388,58.391029002816786,-6.442661266674368,50.02871499271942,100.0,50.0,2,79.38710054105884,0.4116666615009308,32.68102264597643,0.2267969460970818,0.0
8476,132.2222776619836,0.5719126661618551,76.26113204373426,87.1137404054324,0.6271206537882487,54.79653264000169,51.78119668219212,-8.803407652562324,39.17145550932784,100.0,33.33333333333333,3,132.2222776619836,0.5719126661618551,76.26113204373426,0.0,0.0
8485,294.12772222222225,0.37096773087978363,108.90220105553666,174.62881313131314,0.4999999850988388,82.21177174344659,68.43023608083004,-25.806451612903224,32.465459320571895,100.0,50.0,2,294.12772222222225,0.37096773087978363,109.11189370161709,0.20969264608042693,0.0
12581,101.96738163902909,0.10417457669973373,10.803953557870827,42.22330939217665,0.1721496805548668,7.230434849730315,141.4954751460626,-39.4860470469873,49.42328895023235,100.0,33.33333333333333,3,101.96738163902909,0.10417457669973373,10.803953557870827,0.0,0.0
12590,290.4,0.3448275923728943,100.1379328250885,121.04655172413794,0.5,60.52327586206897,139.90770151124528,-31.034481525421143,65.45359020767538,100.0,0.0,1,290.4,0.3448275923728943,100.1379328250885,0.0,0.0
14650,134.29935779816515,0.24222221970558167,32.53028855090568,60.9305925925926,0.3461538553237915,21.091359533089182,120.41367412286101,-30.024693938766745,54.23514306828127,100.0,0.0,1,134.29935779816515,0.24222221970558167,32.53028855090568,0.0,0.0
8508,176.85852482960078,0.3745519816875458,70.26589798858765,114.51016447368421,0.4815668314695358,56.772475364314104,54.447882982689244,-22.222221878410217,23.76754322880064,100.0,50.0,2,176.85852482960078,0.3745519816875458,70.26589798858765,0.0,0.0
12608,131.92439024390245,0.1277777785435319,20.739444567160906,70.30269230769231,0.15873016510158777,10.54776232351191,87.65197450264316,-19.500002748845034,96.62411733463904,100.0,50.0,2,131.92439024390245,0.1277777785435319,20.739444567160906,0.0,0.0
8521,101.4578125,0.20645160973072052,20.94612871038262,48.635,0.25806450843811035,12.550967367887496,108.61069702888868,-19.999998845159972,66.88856003223079,100.0,0.0,1,101.4578125,0.20645160973072052,20.94612871038262,0.0,0.0
20812,500.7646853146853,0.3287634402513504,161.9854835154252,213.11541666666668,0.43602150678634644,90.38433900253227,134.9734679673269,-24.599260556097576,79.21852978411104,100.0,25.0,4,500.7646853146853,0.3287634402513504,164.63312070044083,2.6476371850156397,0.0
6478,137.93208220415536,0.11075268685817719,15.120700728632274,82.40537702607469,0.11931501453121503,9.623250945676288,67.38238107995177,-7.176236542130897,57.12674244898479,100.0,33.33333333333333,3,137.93208220415536,0.11075268685817719,15.276348708053172,0.15564797942089825,0.0
10587,109.84302681992337,0.5,54.92151340996168,80.56451612903226,0.5344827771186829,43.06034631786808,36.341694951656635,-6.451616140855723,27.54545215343927,100.0,0.0,1,109.84302681992337,0.5,54.92151340996168,0.0,0.0
22878,186.85408537369062,0.18310696631669998,34.79172364801207,86.40466218527642,0.31603868678212166,24.328829342445538,116.25463331251937,-42.06185066104434,43.006156022938356,100.0,50.0,2,186.85408537369062,0.18310696631669998,34.79172364801207,0.0,0.0
24928,200.55641025641023,0.12580645084381104,25.231290168334272,115.76129251700677,0.15806451439857483,18.297752487852048,73.24997492313419,-20.408162880519782,37.89283785036129,100.0,0.0,1,200.55641025641023,0.12580645084381104,25.231290168334272,0.0,0.0
22886,83.3,0.10080645233392715,8.397177479416131,29.954545454545453,0.10138248652219772,3.0368663008240135,178.08801213960547,-0.5681791875803381,176.5079739314723,100.0,0.0,1,83.3,0.10080645233392715,8.397177479416131,0.0,0.0
18791,150.26505208333336,0.6881720423698425,103.40820778899828,90.95194570135746,0.8911290168762207,81.04991795583008,65.2136751166728,-22.775262690673806,27.585826607934184,100.0,0.0,1,150.26505208333336,0.6881720423698425,103.40820778899828,0.0,0.0
14695,133.565,0.15555556118488312,20.776778529658912,90.74272058823529,0.18888889253139496,17.140291997197576,47.19087011516886,-17.64705743137943,21.21601273219791,100.0,0.0,1,133.565,0.15555556118488312,20.776778529658912,0.0,0.0
12648,142.92832837301586,0.2087944932281971,30.032483940291854,72.66138407683647,0.2599601447582245,19.105770243860913,96.70465982574036,-19.682113801565208,57.19064741680291,100.0,25.0,4,142.92832837301586,0.2087944932281971,30.032483940291854,0.0,0.0
24940,126.01151469098275,0.3032258152961731,38.209944278878936,52.2723926380368,0.5007680654525757,26.176344937927148,141.0670496060067,-39.44785296519881,45.97127432988628,100.0,0.0,1,126.01151469098275,0.3032258152961731,38.209944278878936,0.0,0.0
12654,119.69879948914432,0.7016128897666931,83.98222061118251,105.19467039800993,0.7204301357269287,75.78541067258783,13.78789347051253,-2.611945978807315,10.815815162639915,100.0,0.0,1,119.69879948914432,0.7016128897666931,83.98222061118251,0.0,0.0
12655,123.6083173076923,0.6709677577018738,82.93719549724402,105.19467039800993,0.7204301357269287,75.78541067258783,17.504353443015034,-6.865673098911442,9.436888658628126,100.0,0.0,1,123.6083173076923,0.6709677577018738,82.93719549724402,0.0,0.0
10611,66.92074882865576,0.5791244719709668,38.80171454634671,42.49943977333171,0.7381957939692906,31.157340722869442,57.46266112111991,-21.548662739324847,24.534744128103036,100.0,28.57142857142857,7,66.92074882865576,0.5791244719709668,38.80171454634671,0.0,0.0
14714,153.415,0.4367816150188446,67.00885146811603,68.99763636363637,0.47413793206214905,32.71439662263069,122.34819638090364,-7.878786850238309,104.82985592270295,100.0,0.0,1,153.415,0.4367816150188446,67.00885146811603,0.0,0.0
18815,150.0,0.16129031777381897,24.193547666072845,115.86666666666667,0.19354838132858276,22.42580578327179,29.459148446490207,-16.666666666666664,7.882623705408509,100.0,0.0,1,150.0,0.16129031777381897,24.193547666072845,0.0,0.0
22925,75.18130434782609,0.2385398931801319,17.209125288752436,33.34693594560744,0.31075267866253853,9.583763167963308,125.45191099552639,-23.23802510511132,79.56542734986668,100.0,50.0,2,75.18130434782609,0.2385398931801319,17.93374030827342,0.7246150195209857,0.0
10641,299.9229595997726,0.2169162854552269,64.58314160681452,155.12665427605512,0.30356183275580406,47.177669446353065,93.3407002165119,-28.542964876048142,36.89345481606222,100.0,25.0,4,299.9229595997726,0.2169162854552269,65.05817431912075,0.47503271230623056,0.0
8600,89.54518579565828,0.15471303090453148,13.466122219575306,52.43776783169511,0.18253366436277116,9.90763803015473,70.76467877706692,-15.241371259028899,35.91657445084317,100.0,57.14285714285714,7,89.54518579565828,0.15471303090453148,13.853807097355693,0.3876848777803872,0.0
22937,139.43388888888887,0.29032257199287415,40.48080524519085,50.68199999999998,0.32258063554763794,16.34903177082538,175.1152063629867,-10.0,147.603685726688,100.0,0.0,1,139.43388888888887,0.29032257199287415,40.48080524519085,0.0,0.0
12700,185.29999999999998,0.09677419066429138,17.932257530093192,120.0,0.12903225421905518,15.483870506286621,54.41666666666666,-25.0,15.812499999999996,100.0,0.0,1,185.29999999999998,0.09677419066429138,17.932257530093192,0.0,0.0
10656,154.38670731707316,0.3306451737880707,51.04721967142166,123.41176470588235,0.39170506596565247,48.341013435055224,25.098857215931545,-15.58823142280625,5.598157845826184,100.0,0.0,1,154.38670731707316,0.3306451737880707,51.04721967142166,0.0,0.0
14767,110.53701587301586,0.4375,48.35994444444444,80.5656842105263,0.4523809552192688,36.44638118105185,37.20111354627292,-3.2894742909891086,32.6879181892175,100.0,0.0,1,110.53701587301586,0.4375,48.35994444444444,0.0,0.0
8630,111.95937500000001,0.2666666805744171,29.855834890436384,71.65324324324324,0.3083333373069763,22.09308361805774,56.251650214810844,-13.513510117485586,35.13656765429419,100.0,0.0,1,111.95937500000001,0.2666666805744171,29.855834890436384,0.0,0.0
8631,154.85000000000002,0.32258063554763794,49.95161141455174,83.17038461538462,0.4193548262119293,34.87790218636394,86.18406144938797,-23.076923076923077,43.218508807221504,100.0,0.0,1,154.85000000000002,0.32258063554763794,49.95161141455174,0.0,0.0
6590,242.7735416666667,0.14032258465886116,34.39301442428492,154.177625,0.18145161494612694,29.299403639122847,57.463537051285286,-22.666665325341416,17.38469099200602,100.0,50.0,4,242.7735416666667,0.14032258465886116,34.39301442428492,0.0,0.0
8640,90.64722222222221,0.725806474685669,65.79234080115954,66.9347619047619,0.8467742204666138,56.67863083402315,35.42622643701875,-14.285714285714285,16.079622660301794,100.0,0.0,1,90.64722222222221,0.725806474685669,65.79234080115954,0.0,0.0
20929,143.779375,0.3199999928474426,46.00939897160977,70.41269230769231,0.5199999809265137,36.61459865698448,104.19525271339845,-38.46153757981291,25.658618854840764,100.0,0.0,1,143.779375,0.3199999928474426,46.00939897160977,0.0,0.0
20931,122.78290322580645,0.3444444537162781,42.29189002731154,80.39734299516908,0.46000000834465027,36.982778448665485,52.7201007540563,-25.120772289593823,14.355632003191559,100.0,0.0,1,122.78290322580645,0.3444444537162781,42.29189002731154,0.0,0.0
8658,188.88214285714287,0.0844086054712534,15.273280176360693,69.91571428571429,0.1362365558743477,9.146451399241176,170.15692364275353,-38.04261644055045,66.98585614993615,100.0,50.0,2,188.88214285714287,0.0844086054712534,15.943278276993494,0.6699981006328013,0.0
6612,233.10588235294117,0.5483871102333069,127.83226120191462,101.20634920634922,0.5806451439857483,58.76497520719256,130.32733043029003,-5.555550422933213,117.53137945043927,100.0,0.0,1,233.10588235294117,0.5483871102333069,127.83226120191462,0.0,0.0
14819,209.83602564102569,0.6290322542190552,131.99362822534184,100.90110153256698,0.774193525314331,78.11697950359728,107.96207618536128,-18.74999807526662,68.96919090332153,100.0,0.0,1,209.83602564102569,0.6290322542190552,131.99362822534184,0.0,0.0
25059,95.0,0.06451612710952759,6.129032075405121,46.86249999999999,0.09677419066429138,4.535080510005354,102.7207255268072,-33.33333333333333,35.147150351204786,100.0,0.0,1,95.0,0.06451612710952759,6.129032075405121,0.0,0.0
12775,118.99454685099846,0.2024372803668181,24.98308296464212,74.8525641025641,0.23268816620111465,17.787203858296078,58.97190467376689,-13.000612075884607,40.455369847182766,100.0,33.33333333333333,3,118.99454685099846,0.2024372803668181,24.98308296464212,0.0,0.0
8686,113.68576048951049,0.37145936489105225,41.57455881804384,75.42881720538165,0.4986145496368408,37.358195086072186,50.71926712036432,-25.50169962717701,11.286315418229592,100.0,0.0,2,113.68576048951049,0.37145936489105225,42.22964038858984,0.6550815705460025,0.0
23022,82.17056737588653,0.28484848141670227,23.406161334170097,58.63666666666666,0.3571428656578064,20.941667165954907,40.13512712617794,-20.242427104892087,11.768376169313512,100.0,0.0,1,82.17056737588653,0.28484848141670227,23.406161334170097,0.0,0.0
6642,132.8501893939394,0.20967741310596466,30.355751783500114,70.05323226544623,0.2557603679597378,19.54585245216875,89.64176969100079,-18.018020235655737,55.3053357881658,100.0,50.0,2,132.8501893939394,0.20967741310596466,30.355751783500114,0.0,0.0
12792,173.45499999999998,0.09677419066429138,16.291128546744584,80.72487179487179,0.12903225421905518,11.85467706605792,114.87181849079018,-25.0,37.4236384168492,100.0,50.0,2,173.45499999999998,0.09677419066429138,16.78596724167466,0.49483869493007404,0.0
20985,72.08258620689655,0.08909370005130768,6.422104314439769,35.54641176470588,0.12463343143463135,4.430271273423643,102.78442359818587,-28.5154079240479,44.95961800273393,100.0,0.0,1,72.08258620689655,0.08909370005130768,6.422104314439769,0.0,0.0
23036,310.86,0.19354838132858276,60.16644981980324,243.64857142857142,0.22580644488334656,55.01741771519184,27.585398173012663,-14.285714285714285,9.358912719725138,100.0,0.0,1,310.86,0.19354838132858276,60.16644981980324,0.0,0.0
16902,225.0,0.4833333194255829,108.74999687075615,105.66666666666667,0.6499999761581421,68.68333081404369,112.93375394321765,-25.64102505320861,58.33535674789964,100.0,0.0,1,225.0,0.4833333194255829,108.74999687075615,0.0,0.0
8710,103.15021929824563,0.7599999904632568,78.39416568294953,77.61999364272094,0.8066666722297668,62.61346197026936,32.89130088445822,-5.785125798926984,25.20337195246175,100.0,0.0,1,103.15021929824563,0.7599999904632568,78.39416568294953,0.0,0.0
27148,166.29999999999998,0.1505376398563385,25.03440950810909,110.0,0.16129031777381897,17.741934955120087,51.18181818181816,-6.666660507519856,41.103039614540414,100.0,0.0,1,166.29999999999998,0.1505376398563385,25.03440950810909,0.0,0.0
25101,159.03607843137254,0.41129031777381897,65.4099992355412,62.584518707482985,0.5645161271095276,35.32997011776207,154.1140871829653,-27.14285774620212,85.14026198583298,100.0,0.0,1,159.03607843137254,0.41129031777381897,65.4099992355412,0.0,0.0
14871,138.10936363636364,0.24838709086179733,34.12896693307026,70.6654365079365,0.37096773087978363,22.435826904324905,95.44118095251905,-33.043477859186076,52.11815940018369,100.0,50.0,2,138.10936363636364,0.24838709086179733,34.304583054410465,0.1756161213402052,0.0
10777,102.40953967652945,0.28080809116363525,28.757427353512803,83.18254320987653,0.3103448152542114,25.81527100484459,23.1142205139624,-9.51738925181717,11.396960923308058,100.0,0.0,1,102.40953967652945,0.28080809116363525,28.757427353512803,0.0,0.0
8733,96.26551418439716,0.38285749157269794,36.71848073631191,67.0145275888133,0.469113826751709,31.19950922506692,43.64872460947814,-18.387080120037584,17.689289505909382,100.0,0.0,3,96.26551418439716,0.38285749157269794,36.85597328559427,0.13749254928235644,0.0
8745,336.125,0.14516128599643707,48.79233725555241,162.30266666666668,0.24193547666072845,39.26677302330733,107.09764472959982,-40.0,24.258586837759886,100.0,0.0,1,336.125,0.14516128599643707,48.79233725555241,0.0,0.0
23084,171.60668187274908,0.5666666626930237,97.24378571265413,103.96642177045807,0.6380952596664429,66.34048089621136,65.0597173110664,-11.19403347562207,46.582877300498474,100.0,0.0,1,171.60668187274908,0.5666666626930237,97.24378571265413,0.0,0.0
6709,129.27571428571426,0.2688172161579132,34.751537631111475,74.80666666666666,0.32258063554763794,24.131182076533634,72.81309279794262,-16.666660507519858,44.01092130876425,100.0,0.0,1,129.27571428571426,0.2688172161579132,34.751537631111475,0.0,0.0
10805,218.46153846153845,0.20967741310596466,45.80645024776459,97.09318181818183,0.35483869910240173,34.452418328076604,125.00193563604995,-40.909090909090914,32.95568923948408,100.0,0.0,1,218.46153846153845,0.20967741310596466,45.80645024776459,0.0,0.0
14904,97.76704918032786,0.18131720647215843,17.821693763103884,68.37636932707355,0.2074308767914772,14.011520833558228,42.98368009665162,-12.589095087116615,27.19314323410289,100.0,50.0,2,97.76704918032786,0.18131720647215843,17.821693763103884,0.0,0.0
12867,110.81093048713737,0.3709677383303642,40.31314478547074,84.18703656326618,0.4516129046678543,39.052876116607585,31.62469545280105,-17.857143917710193,3.2270828532580587,50.0,0.0,2,110.81093048713737,0.3709677383303642,41.107280265096556,0.7941354796258153,0.0
10819,70.9942396313364,0.20666666328907013,14.672142617352957,32.287190604890604,0.2569444477558136,8.29601435956031,119.88360802312346,-19.567569918663825,76.85772928351805,100.0,0.0,1,70.9942396313364,0.20666666328907013,14.672142617352957,0.0,0.0
14923,69.55,0.5376344323158264,37.39247476756572,47.16939102564101,0.7188940048217773,33.90979241942747,47.44731379337294,-25.213671457851067,10.270432520085171,100.0,0.0,1,69.55,0.5376344323158264,37.39247476756572,0.0,0.0
25163,191.22503759398498,0.6333333253860474,121.10918895647043,146.44681818181814,0.7333333492279053,107.39433566104279,30.576437213250564,-13.636366591965793,12.770555552123684,100.0,0.0,1,191.22503759398498,0.6333333253860474,121.10918895647043,0.0,0.0
12879,176.73058860950863,0.31190477311611176,54.8383451091337,115.85557005494505,0.38452380895614624,44.301371995639194,52.54388591389548,-18.885445881016032,23.784755728404328,100.0,0.0,2,176.73058860950863,0.31190477311611176,55.12311414292567,0.2847690337919744,0.0
8788,191.9388888888889,0.5806451439857483,111.44838377535343,98.8042105263158,0.7661290168762207,75.69677267375747,94.26185166245253,-24.210527052839723,47.23003351236707,100.0,0.0,1,191.9388888888889,0.5806451439857483,111.44838377535343,0.0,0.0
8797,139.2715068493151,0.4055555462837219,56.4823320420311,85.60404040404039,0.550000011920929,47.0822232427019,62.69267921463866,-26.26262954662866,19.965303573013177,100.0,0.0,1,139.2715068493151,0.4055555462837219,56.4823320420311,0.0,0.0
10850,56.90220588235294,0.16190476715564728,9.212738394025056,20.022575757575755,0.2666666805744171,5.339353813822521,184.19023891480782,-39.28571548312896,72.54407022391202,100.0,0.0,1,56.90220588235294,0.16190476715564728,9.212738394025056,0.0,0.0
23150,147.92174812030072,0.46666666865348816,69.03014941670111,87.640375,0.5833333134651184,51.12355034207553,68.78265082765871,-19.999996934618164,35.02612583595969,100.0,0.0,1,147.92174812030072,0.46666666865348816,69.03014941670111,0.0,0.0
23152,80.5,0.012903225608170033,1.0387096614576876,60.5,0.016129031777381897,0.9758064225316048,33.057851239669425,-19.999998845159972,6.446282528340862,100.0,0.0,1,80.5,0.012903225608170033,1.0387096614576876,0.0,0.0
23162,153.41904225352113,0.5725806355476379,87.84477271863105,90.83236559139785,0.6000000238418579,54.49942152045106,68.90349739834417,-4.569897867445236,61.18478007269683,100.0,0.0,1,153.41904225352113,0.5725806355476379,87.84477271863105,0.0,0.0
14975,72.63484375,0.08888889104127884,6.456430711894064,46.1548275862069,0.09206349402666092,4.249174693784323,57.37214837241966,-3.448275583004419,51.94552300564405,100.0,0.0,1,72.63484375,0.08888889104127884,6.456430711894064,0.0,0.0
6786,145.02083333333334,0.10948276147246361,17.091954529751092,65.22381635581061,0.1464696228504181,10.209688083919426,122.3433730743568,-25.252240470180816,67.40917439653664,100.0,50.0,2,145.02083333333334,0.10948276147246361,17.091954529751092,0.0,0.0
12944,110.54933691756274,0.5,55.27466845878137,82.43526315789475,0.6129032373428345,50.52483966068218,34.104426531421254,-18.421054167100237,9.400977479589008,100.0,0.0,1,110.54933691756274,0.5,55.27466845878137,0.0,0.0
6807,183.6517333333333,0.625,114.78233333333333,78.64988165680474,0.7041666507720947,55.3826237498938,133.50541598360292,-11.242601546848489,107.25333247425539,100.0,0.0,1,183.6517333333333,0.625,114.78233333333333,0.0,0.0
25240,75.44485714285715,0.33870968222618103,25.55390358845677,36.414382457271856,0.5496277809143066,20.014356223355186,107.18422791154873,-38.37471576441479,27.67786934179459,100.0,0.0,1,75.44485714285715,0.33870968222618103,25.55390358845677,0.0,0.0
17053,128.8341176470588,0.07311827689409256,9.420128687523743,70.43444871794873,0.09984639286994934,7.032625638270608,82.91350325317185,-26.769235430137517,33.94895693381804,100.0,0.0,1,128.8341176470588,0.07311827689409256,9.420128687523743,0.0,0.0
8868,127.10760869565217,0.21198156476020813,26.944469784232584,78.77351851851853,0.2177419364452362,17.1522984628269,61.358297923141514,-2.645504021443685,57.089557662651714,100.0,0.0,1,127.10760869565217,0.21198156476020813,26.944469784232584,0.0,0.0
8872,94.1994716981132,0.13402457628399134,12.84012583525999,59.47337328767123,0.18486942537128925,11.822327732218568,58.3893202803088,-27.503114149449974,8.609117646668576,100.0,50.0,2,94.1994716981132,0.13402457628399134,12.84012583525999,0.0,0.0
15021,151.4668917584059,0.5000000149011612,74.37296999398049,90.4200637254902,0.5713261663913727,52.248280107194006,67.51469255568117,-12.484313809872187,42.34529795314767,100.0,50.0,2,151.4668917584059,0.5000000149011612,75.73344813623551,1.360478142255019,0.0
8883,246.4463492063492,0.32258063554763794,79.49881995537925,147.14285714285714,0.33870968222618103,49.83871038470949,67.48781014023733,-4.761908951800367,59.51219311599497,100.0,0.0,1,246.4463492063492,0.32258063554763794,79.49881995537925,0.0,0.0
12980,32.538063063063056,0.321739137172699,10.468768335180775,14.174685714285717,0.44871795177459717,6.36043594076293,129.55050798953604,-28.298135632800133,64.59199389287542,100.0,0.0,1,32.538063063063056,0.321739137172699,10.468768335180775,0.0,0.0
15029,132.4522081403804,0.23189964393774667,30.810547268166932,74.99051467969689,0.3062468022108078,23.002466906737606,76.62528215217176,-24.276876602905254,33.94453470180747,100.0,33.33333333333333,3,132.4522081403804,0.23189964393774667,30.810547268166932,0.0,0.0
15038,337.5,0.13333334028720856,45.00000234693289,187.39200000000002,0.1666666716337204,31.232000930786135,80.10373975409834,-19.99999821186071,44.08299502378441,100.0,0.0,1,337.5,0.13333334028720856,45.00000234693289,0.0,0.0
6847,107.22772277227723,0.4072580635547638,43.66935473562467,87.45732758620689,0.41577062010765076,36.36218732347519,22.605761840347366,-2.047416566058204,20.095511161486215,100.0,0.0,1,107.22772277227723,0.4072580635547638,43.66935473562467,0.0,0.0
8901,106.81636363636363,0.12643678486347198,13.505517588989301,61.40020833333334,0.18390804529190063,11.291992295098803,73.96742867136898,-31.249997974373393,19.602610735496704,100.0,0.0,1,106.81636363636363,0.12643678486347198,13.505517588989301,0.0,0.0
8902,139.77359758329825,0.5473779737949371,81.21986054784225,66.76197583341747,0.661256730556488,49.011390543381864,109.36108591521804,-17.22156486266914,65.71629502319757,100.0,50.0,4,139.77359758329825,0.5473779737949371,81.21986054784225,0.0,0.0
6857,67.26134969325153,0.4724637567996979,31.778549963491827,36.10708117443869,0.7423076629638672,26.80256304304423,86.28298800532208,-36.35203024669628,18.565339861177783,100.0,0.0,1,67.26134969325153,0.4724637567996979,31.778549963491827,0.0,0.0
19154,102.46230769230769,0.2888889014720917,29.600223511526217,80.00566666666667,0.3333333432674408,26.668556350340445,28.068813074458497,-13.333332141240472,10.992972857896548,100.0,0.0,1,102.46230769230769,0.2888889014720917,29.600223511526217,0.0,0.0
13018,98.04250000000002,0.8275862336158752,81.13862330928447,63.45037037037037,0.931034505367279,59.074484193148436,54.51840458567795,-11.111110399779976,37.349694064184604,100.0,0.0,1,98.04250000000002,0.8275862336158752,81.13862330928447,0.0,0.0
19165,124.93557692307692,0.07011494413018227,8.77163402855826,64.01330532212884,0.09885057434439659,6.3418308694687795,95.17126368397005,-29.069765557556643,38.31390664779763,100.0,0.0,2,124.93557692307692,0.07011494413018227,8.77163402855826,0.0,0.0
13021,106.3581607142857,0.5645161271095276,60.41549580152013,77.62220004435574,0.6177419424057007,47.97741988675376,37.02028627571667,-8.616189324767777,25.92485370018916,100.0,50.0,2,106.3581607142857,0.5645161271095276,60.41549580152013,0.0,0.0
13040,339.8,0.11666666716337204,39.64333350211382,157.149,0.1666666716337204,26.191500780567527,116.22791109074828,-30.00000178813929,51.35953389706756,100.0,0.0,1,339.8,0.11666666716337204,39.64333350211382,0.0,0.0
8970,139.31085797638892,0.1592679704938616,22.19462453748619,58.69906170145604,0.2112516537308693,12.344129550468276,137.33063857975313,-24.607468068976136,79.79902468411989,100.0,14.285714285714285,7,139.31085797638892,0.1592679704938616,22.19462453748619,0.0,0.0
6922,129.28035469770913,0.36273424699902534,46.28401890389565,66.2958788953247,0.42595046013593674,27.50324778475479,95.00511472490064,-14.841212547754198,68.28564853911962,100.0,75.0,4,129.28035469770913,0.36273424699902534,46.89441211304043,0.6103932091447817,0.0
13066,226.55416666666667,0.45698924362659454,110.86303599216043,107.36412641723355,0.7516129016876221,86.31198906375066,111.0147720908586,-39.19885587374817,28.444538464148007,100.0,0.0,2,226.55416666666667,0.45698924362659454,110.86303599216043,0.0,0.0
11023,89.73164322723909,0.24903225898742676,22.346073815533185,45.57790033163716,0.27769985795021057,12.656976447764494,96.8753333837832,-10.323231410483363,76.55143712841468,100.0,0.0,1,89.73164322723909,0.24903225898742676,22.346073815533185,0.0,0.0
8981,115.54545454545455,0.20952381193637848,24.209524088285185,47.45548148148149,0.2571428716182709,12.202838782175826,143.4817874317506,-18.518522167156547,98.39255865321289,100.0,0.0,1,115.54545454545455,0.20952381193637848,24.209524088285185,0.0,0.0
15126,167.95636363636365,0.36666667461395264,61.58400133479726,78.23571428571428,0.46666666865348816,36.510000155440395,114.67991334877124,-21.428570060097446,68.6770777118733,100.0,0.0,1,167.95636363636365,0.36666667461395264,61.58400133479726,0.0,0.0
23317,423.0,0.4838709533214569,204.67741325497627,233.33333333333334,0.5806451439857483,135.48386693000793,81.28571428571428,-16.666666666666664,51.07142857142857,100.0,0.0,1,423.0,0.4838709533214569,204.67741325497627,0.0,0.0
6943,464.23214285714283,0.39247311651706696,185.83467588201165,209.02481515151513,0.6048386991024017,123.76460504728952,122.09427264444004,-35.11111026799236,50.15171406316501,100.0,0.0,2,464.23214285714283,0.39247311651706696,185.83467588201165,0.0,0.0
15143,188.15,0.6935483813285828,130.49112794697285,135.5608695652174,0.7419354915618896,100.57742039742676,38.79373937586197,-6.5217408768846585,29.741971340429625,100.0,0.0,1,188.15,0.6935483813285828,130.49112794697285,0.0,0.0
9009,64.49121694676225,0.6581472456455231,42.44699444762498,51.7076714597606,0.7192064225673676,37.18655449287621,24.722725131704937,-8.489798617743173,14.146080556499275,100.0,0.0,2,64.49121694676225,0.6581472456455231,42.44699444762498,0.0,0.0
13107,116.59519230769232,0.32258065044879913,37.62231244539413,79.5212720959596,0.430107519030571,34.30710959966662,46.62138725219966,-24.99999740160997,9.6633114372297,100.0,0.0,2,116.59519230769232,0.32258065044879913,37.62231244539413,0.0,0.0
9013,120.18039215686274,0.42500001192092896,51.07666809932858,59.792712215320904,0.46000000834465027,27.504648117996886,100.99505057418767,-7.608694736696163,85.70195074012966,100.0,0.0,1,120.18039215686274,0.42500001192092896,51.07666809932858,0.0,0.0
11063,171.67036585365855,0.3306451737880707,56.76197795194461,72.96191489361702,0.3790322542190552,27.654919074266516,135.28763753523268,-12.765953264499757,105.25092769033925,100.0,0.0,1,171.67036585365855,0.3306451737880707,56.76197795194461,0.0,0.0
21303,133.706,0.16129031777381897,21.56548322826624,76.7,0.22580644488334656,17.31935432255268,74.32333767926987,-28.57142857142857,24.51666977090706,100.0,0.0,1,133.706,0.16129031777381897,21.56548322826624,0.0,0.0
11069,112.07971014492753,0.5564516186714172,62.36693613036819,78.20999999999998,0.5612903237342834,43.8985162192583,43.30611193572121,-0.8620681416123732,42.07071559973999,100.0,0.0,1,112.07971014492753,0.5564516186714172,62.36693613036819,0.0,0.0
6990,115.29493670886075,0.6370967626571655,73.45403092797798,103.65927203065134,0.7016128897666931,72.72868140053703,11.224914520689303,-9.195402201202588,0.9973362825681568,100.0,0.0,1,115.29493670886075,0.6370967626571655,73.45403092797798,0.0,0.0
11087,329.96666666666664,0.5806451439857483,191.59354267716407,158.69999999999996,0.9032257795333862,143.34193121194835,107.91850451585805,-35.714285714285715,33.66189576019447,100.0,0.0,1,329.96666666666664,0.5806451439857483,191.59354267716407,0.0,0.0
15184,275.2655769230769,0.5591397881507874,153.91193636597347,107.5320754716981,0.5698924660682678,61.28171967200513,155.98462199822913,-1.8867906767857496,151.1547280163613,100.0,0.0,1,275.2655769230769,0.5591397881507874,153.91193636597347,0.0,0.0
4950,107.52212792022793,0.28448276221752167,30.843456538999227,55.71997460728029,0.3298029601573944,18.39996721501432,92.96873101262906,-13.741598291975377,67.62777986816766,100.0,0.0,2,107.52212792022793,0.28448276221752167,30.843456538999227,0.0,0.0
27487,117.15663594470045,0.27000001072883606,31.632292962023463,96.44710155490769,0.27222222089767456,26.255044184420534,21.472427948498535,-0.8163221068105995,20.48082166547536,100.0,0.0,1,117.15663594470045,0.27000001072883606,31.632292962023463,0.0,0.0
23392,110.98916666666668,0.25806450843811035,28.64236473778884,71.2075,0.34408602118492126,24.50150535352528,55.86724244871212,-25.000002165324986,16.900428461501747,100.0,0.0,1,110.98916666666668,0.25806450843811035,28.64236473778884,0.0,0.0
13160,101.30562576687119,0.7511520981788635,76.09593335210803,76.1464393939394,0.7983871102333069,60.79433570228292,33.04052897703085,-5.916304440416155,25.169446253609635,100.0,0.0,1,101.30562576687119,0.7511520981788635,76.09593335210803,0.0,0.0
13165,155.0,0.6333333253860474,97.83333212137222,85.10783333333333,0.7166666686534882,61.238555637170876,82.12189633934989,-11.62790833066256,59.75773939055622,100.0,0.0,2,155.0,0.6333333253860474,98.16666543483734,0.3333333134651184,0.0
15214,94.60839594514016,0.16373954713344574,15.301252790258342,54.64837494376968,0.21321948245167732,11.422767297168578,73.12206637889462,-23.206104221477695,33.95399198976193,100.0,50.0,2,94.60839594514016,0.16373954713344574,15.491135907078974,0.18988311682063141,0.0
15225,118.60661855670105,0.21572581306099892,20.963690094181636,85.79334733893558,0.23399897664785385,18.123361558158273,38.24687138984474,-7.809078419327578,15.67219484591027,100.0,50.0,2,118.60661855670105,0.21572581306099892,25.586509222560096,4.62281912837846,0.0
9086,128.68866666666665,0.24193547666072845,31.134353910833592,79.16666666666667,0.33870968222618103,26.814516509572666,62.554105263157865,-28.571431713850277,16.11007007983442,100.0,0.0,1,128.68866666666665,0.24193547666072845,31.134353910833592,0.0,0.0
2950,118.64348258706468,0.36021506786346436,42.73717013165726,41.21308449548813,0.5698924660682678,23.487026357413626,187.8781921796059,-36.7924495741072,81.96075348707296,100.0,0.0,1,118.64348258706468,0.36021506786346436,42.73717013165726,0.0,0.0
11146,103.84437500000001,0.05517241358757019,5.729344806242735,58.616004901960785,0.08085612207651138,4.739462847990331,77.16044478583404,-31.76470479828055,20.88595248029305,100.0,0.0,1,103.84437500000001,0.05517241358757019,5.729344806242735,0.0,0.0
9100,109.79260118487893,0.5583667039871216,61.691526929753536,90.72862798678553,0.6181175351142884,55.64665341361331,21.01208143571844,-9.666580825298695,10.862959666612081,100.0,40.0,5,109.79260118487893,0.5583667039871216,61.691526929753536,0.0,0.0
27535,229.05599999999998,0.16129031777381897,36.94451502799988,117.7,0.25806450843811035,30.37419264316559,94.61002548853014,-37.5,21.631265930331345,100.0,0.0,1,229.05599999999998,0.16129031777381897,36.94451502799988,0.0,0.0
9109,56.912142857142854,0.46666666865348816,26.559000113074266,43.245,0.5333333611488342,23.064001202881336,31.603983945295077,-12.500004190951367,15.153480436674219,100.0,0.0,1,56.912142857142854,0.46666666865348816,26.559000113074266,0.0,0.0
13209,134.7205790275497,0.27939068029324216,40.57642298011354,85.12272013446007,0.32516641666491825,28.621740064414748,58.26629930850979,-14.07763349031449,41.76784111935243,100.0,66.66666666666666,3,134.7205790275497,0.27939068029324216,40.57642298011354,0.0,0.0
25517,124.32444444444445,0.11999999731779099,14.918932999869188,71.11363636363637,0.14666666090488434,10.429999590258708,74.82504172437056,-18.18181679637959,43.03867292385134,100.0,0.0,1,124.32444444444445,0.11999999731779099,14.918932999869188,0.0,0.0
13238,113.49659090909091,0.20952381193637848,23.78023836905645,59.13076923076923,0.3095238208770752,18.302381623708285,91.94167839445582,-32.30769401118594,29.929748258840437,100.0,0.0,1,113.49659090909091,0.20952381193637848,23.78023836905645,0.0,0.0
7097,107.67047619047621,0.5600000023841858,60.2954669233731,52.318644067796605,0.7866666913032532,41.15733462228613,105.797528030261,-28.813561248354592,46.499931243662054,100.0,0.0,1,107.67047619047621,0.5600000023841858,60.2954669233731,0.0,0.0
11195,181.18094610230963,0.3570900447666645,68.8540345926475,74.37043727440565,0.44595014303922653,34.22564420489221,143.6195788842867,-19.926016318094497,101.17673806357604,100.0,25.0,4,181.18094610230963,0.3570900447666645,68.8540345926475,0.0,0.0
7101,99.56931677018632,0.0927419364452362,9.23425124779621,74.08030303030301,0.11827956885099411,8.762186302775232,34.40727520979074,-21.590907587708262,5.387524628088107,100.0,0.0,1,99.56931677018632,0.0927419364452362,9.23425124779621,0.0,0.0
7107,187.68408333333335,0.6666666865348816,125.12272595116994,146.44681818181814,0.7333333492279053,107.39433566104279,28.158525848146386,-9.090908352008551,16.507751718006215,100.0,0.0,1,187.68408333333335,0.6666666865348816,125.12272595116994,0.0,0.0
11213,71.82080524382543,0.5645161271095276,40.544002822131986,47.74511324734811,0.6054590344429016,28.907710166106376,50.42545793482761,-6.762291914769534,40.253249355145726,100.0,0.0,1,71.82080524382543,0.5645161271095276,40.544002822131986,0.0,0.0
25553,195.33115384615388,0.4193548262119293,81.91306207492948,132.70875,0.5161290168762207,68.49483666837216,47.18784846225578,-18.75,19.590126875582815,100.0,0.0,1,195.33115384615388,0.4193548262119293,81.91306207492948,0.0,0.0
21458,269.222130994006,0.6215053796768188,164.7327560770737,140.4385615471485,0.7376344203948975,103.5396368830474,91.70100293545221,-15.743441128453329,59.10115298467451,100.0,0.0,2,269.222130994006,0.6215053796768188,167.32300274083198,2.590246663758279,0.0
13281,86.71230769230769,0.4193548262119293,36.363224722743034,46.50666666666667,0.5806451439857483,27.003870162963867,86.45134968242766,-27.77777777777778,34.65930810397553,100.0,0.0,1,86.71230769230769,0.4193548262119293,36.363224722743034,0.0,0.0
19427,145.95410769230767,0.17204301059246063,25.52927410239279,80.86830357142857,0.22311827540397644,17.998655581580742,80.48370158203052,-22.891564897155682,41.83989457811864,100.0,0.0,2,145.95410769230767,0.17204301059246063,25.52927410239279,0.0,0.0
15334,321.1111111111111,0.2141268029808998,67.31924220919609,138.01833333333332,0.31312569230794907,43.19176823260884,132.65830223843048,-31.616341858555323,55.86127858125415,100.0,50.0,2,321.1111111111111,0.2141268029808998,68.75849562386671,1.4392534146706168,0.0
11248,85.58461538461539,0.13978494703769684,11.963440928780116,46.498295454545456,0.21836228668689728,10.153474122497508,84.05968336684273,-35.98484923446052,17.826083805858957,100.0,0.0,1,85.58461538461539,0.13978494703769684,11.963440928780116,0.0,0.0
11252,56.41349593495936,0.3660714328289032,20.65136928779808,37.92142857142857,0.4166666567325592,15.800594861379691,48.764163324436055,-12.142854026385642,30.69994812837587,100.0,0.0,1,56.41349593495936,0.3660714328289032,20.65136928779808,0.0,0.0
15350,103.93381434457842,0.5385613739490509,56.15201895088942,77.68729721960622,0.6155914068222046,46.74269865555482,33.78482462940965,-12.513175463380296,20.13003221031701,100.0,0.0,2,103.93381434457842,0.5385613739490509,56.15201895088942,0.0,0.0
27643,151.975,0.06666667014360428,10.13166719507426,57.379999999999995,0.10000000149011612,5.738000085502862,164.8570930637853,-33.3333308498065,76.57140195365383,100.0,0.0,1,151.975,0.06666667014360428,10.13166719507426,0.0,0.0
7166,124.08795633261325,0.571223761354174,71.16093205327107,63.649527482451276,0.6306780747004918,40.130579136735825,94.95503146794823,-9.427046179550885,77.32346151997052,100.0,42.857142857142854,7,124.08795633261325,0.571223761354174,71.16093205327107,0.0,0.0
7169,196.30434782608697,0.1483870893716812,29.12903080491916,88.75,0.23225806653499603,20.612903404980898,121.18799755052052,-36.11111485364809,41.31454571256773,100.0,0.0,1,196.30434782608697,0.1483870893716812,29.12903080491916,0.0,0.0
9223,150.61749707713594,0.4901619076728821,72.9989250037892,91.79084054321513,0.5582190155982971,50.23446519070434,64.08771963061524,-12.19182901758939,45.31641717825497,80.0,40.0,5,150.61749707713594,0.4901619076728821,73.82695969624369,0.8280346924544943,0.0
11273,86.45676258992805,0.4354838728904724,36.96082965839681,42.36819960861057,0.5299538969993591,23.64354746660724,104.06050620181955,-17.826083484579218,56.325228735654484,100.0,50.0,2,86.45676258992805,0.4354838728904724,37.65052581023398,0.6896961518371683,0.0
9237,80.34693877551021,0.19758065044879913,15.875000424835148,70.42049180327868,0.21863798797130585,15.396594639818685,14.095963714597874,-9.631143113734787,3.1072181622500437,100.0,0.0,1,80.34693877551021,0.19758065044879913,15.875000424835148,0.0,0.0
7195,188.93686440677965,0.49166667461395264,92.89395983486862,128.72510822510824,0.5133333206176758,66.0788872520645,46.7754558624072,-4.220775300082301,40.58039367478352,100.0,0.0,1,188.93686440677965,0.49166667461395264,92.89395983486862,0.0,0.0
21536,179.35743303571428,0.40389783680438995,79.74451368149901,79.25438787185355,0.574731171131134,49.2917610996341,126.30599749974397,-29.724041936080365,61.78061384398572,100.0,50.0,2,179.35743303571428,0.40389783680438995,79.74451368149901,0.0,0.0
19491,280.2662601626016,0.4555555582046509,127.67685259430388,122.93910919540234,0.5333333611488342,65.56752832382749,127.97160480245529,-14.583337291454068,94.72573674537253,100.0,0.0,1,280.2662601626016,0.4555555582046509,127.67685259430388,0.0,0.0
13349,92.51743935309973,0.13497453927993774,12.487498752044218,58.15588235294118,0.15232974290847778,8.85887060743921,59.08526465409351,-11.393181198347675,40.960392192181686,100.0,0.0,1,92.51743935309973,0.13497453927993774,12.487498752044218,0.0,0.0
13361,209.60666666666668,0.09677419066429138,20.28451552450657,103.39,0.12903225421905518,13.340644763708115,102.73398458909632,-25.0,52.05048844182224,100.0,0.0,1,209.60666666666668,0.09677419066429138,20.28451552450657,0.0,0.0
13365,108.38690476190476,0.38181817531585693,41.38409020432404,37.11453744493392,0.6305555701255798,23.40277831853749,192.0335594178324,-39.44733923453963,76.83409055557921,100.0,0.0,1,108.38690476190476,0.38181817531585693,41.38409020432404,0.0,0.0
21568,292.80923076923085,0.20967741310596466,61.39548204123975,99.07157894736842,0.30645161867141724,30.360645732754154,195.5532089831587,-31.57895069538385,102.22060683974223,100.0,0.0,1,292.80923076923085,0.20967741310596466,61.39548204123975,0.0,0.0
7240,252.9875304878049,0.5290322303771973,133.83855751158262,131.6542105263158,0.6129032373428345,80.69129184139403,92.16060730335417,-13.684216668400953,65.86493344864809,100.0,0.0,1,252.9875304878049,0.5290322303771973,133.83855751158262,0.0,0.0
23635,163.21983870967742,0.5,81.60991935483871,111.15764705882353,0.5483871102333069,60.95742085092208,46.83635631771073,-8.823531649516886,33.88020394502014,100.0,0.0,1,163.21983870967742,0.5,81.60991935483871,0.0,0.0
7254,118.31409574468084,0.15161290764808655,17.937944071605166,101.15974842767297,0.17096774280071259,17.295053850967182,16.95768087963649,-11.3207525791499,3.7171912049411273,100.0,0.0,1,118.31409574468084,0.15161290764808655,17.937944071605166,0.0,0.0
13419,61.18343949044586,0.15347018837928772,9.389833984291478,39.85511363636363,0.16897080838680267,6.734350769484246,53.514653222873655,-9.173549061818667,39.43191119239254,100.0,0.0,1,61.18343949044586,0.15347018837928772,9.389833984291478,0.0,0.0
13420,148.33923976608187,0.6129032373428345,90.91760027760651,61.4220781893004,0.6532257795333862,40.122484905766356,141.5080116776678,-6.172833873665405,126.60012332521293,100.0,0.0,1,148.33923976608187,0.6129032373428345,90.91760027760651,0.0,0.0
13432,95.00986028186426,0.18529905937612057,17.22214552074762,44.31575759439704,0.23521358706057072,9.596946650299342,114.39295058757297,-21.220937237607995,79.45442595755637,100.0,50.0,4,95.00986028186426,0.18529905937612057,17.605237741686086,0.3830922209384653,0.0
13440,85.99703980099503,0.46206897497177124,39.73656403145239,47.59257174392936,0.6508620977401733,30.976201082103564,80.69424838754237,-29.00662420256173,28.280946802124507,100.0,0.0,1,85.99703980099503,0.46206897497177124,39.73656403145239,0.0,0.0
13443,350.5,0.20000000298023224,70.1000010445714,177.19058823529414,0.28333333134651184,50.203999647953935,97.80960348445008,-29.411763159049,39.630311401749694,100.0,0.0,1,350.5,0.20000000298023224,70.1000010445714,0.0,0.0
7302,155.4609427048634,0.21666666120290756,33.39351767690841,69.17860698198197,0.27916666865348816,19.331050485940867,124.72401438403384,-22.388062211022007,72.74548892826557,100.0,0.0,2,155.4609427048634,0.21666666120290756,33.68320340331927,0.289685726410859,0.0
9358,137.7234572621759,0.5853333473205566,80.61413224382905,64.221501328342,0.6740740537643433,43.290047739227646,114.45069706178963,-13.164830473479466,86.21862634441003,100.0,0.0,1,137.7234572621759,0.5853333473205566,80.61413224382905,0.0,0.0
11407,583.3333333333334,0.3870967626571655,225.8064448833466,216.57142857142858,0.4516128897666931,97.80644869804382,169.349164467898,-14.285714285714285,130.87071240105544,100.0,0.0,1,583.3333333333334,0.3870967626571655,225.8064448833466,0.0,0.0
27795,115.20985542337792,0.3634408563375473,41.93100313233429,53.080612985685065,0.48079878091812134,25.504954431815257,117.04695734099388,-24.4089480336182,64.40336423431887,100.0,0.0,2,115.20985542337792,0.3634408563375473,41.93100313233429,0.0,0.0
7321,424.0,0.05833333358168602,24.733333438634872,169.09416666666667,0.10000000149011612,16.90941691863661,150.74785745615117,-41.66666728754838,46.26958195924061,100.0,0.0,1,424.0,0.05833333358168602,24.733333438634872,0.0,0.0
7323,417.30869787989786,0.5130568359579358,221.160118538886,207.85283332308956,0.6018433059964862,119.33867295168807,100.77123376578032,-14.752422956926385,85.32141599095739,100.0,42.857142857142854,7,417.30869787989786,0.5130568359579358,221.160118538886,0.0,0.0
19612,179.93585670874242,0.1760752722620964,31.64021568042434,78.80605110095556,0.22849462181329727,17.95474445596941,128.32746241558678,-22.941174341526807,76.22203288950136,100.0,0.0,2,179.93585670874242,0.1760752722620964,31.68225495970539,0.04203927928104889,0.0
7325,111.52888888888889,0.0714285746216774,7.966349562472767,78.19444444444444,0.0803571417927742,6.283482059629427,42.63019538188277,-11.111105960092358,26.78240324191502,100.0,0.0,1,111.52888888888889,0.0714285746216774,7.966349562472767,0.0,0.0
23709,100.75,0.06666667014360428,6.716667016968131,45.883823529411764,0.1133333370089531,5.200166835318155,119.57629563155028,-41.17646942811032,29.162529389447823,100.0,0.0,1,100.75,0.06666667014360428,6.716667016968131,0.0,0.0
11425,118.70139534883722,0.6935483813285828,82.32516060563022,44.26229508196721,0.7870967984199524,34.8387107497356,168.1772265288545,-11.885249346606699,136.30369446508584,100.0,0.0,1,118.70139534883722,0.6935483813285828,82.32516060563022,0.0,0.0
15523,182.90791684135138,0.36491934955120087,66.75319315796654,71.96064299442493,0.4395161271095276,31.367711043150727,154.17771330298143,-16.972477904033127,112.80862051470082,100.0,0.0,2,182.90791684135138,0.36491934955120087,66.75319315796654,0.0,0.0
7335,172.6875,0.17204301059246063,29.709677391685545,67.43229166666667,0.2211981564760208,14.91589860362001,156.09021394917738,-22.22222222222222,99.18127751602685,100.0,0.0,1,172.6875,0.17204301059246063,29.709677391685545,0.0,0.0
7342,216.07464397671296,0.256720428665479,52.93093474356338,99.93500712250712,0.3271889388561249,34.154610746202415,116.21516843625577,-21.53755882977238,54.97449271749837,100.0,66.66666666666666,3,216.07464397671296,0.256720428665479,55.470775225442516,2.539840481879139,0.0
13486,164.775,0.4838709533214569,79.72983633354306,110.14200000000001,0.6182795763015747,68.09854909300805,49.60233153565397,-21.739133578392387,17.080080846728713,100.0,0.0,1,164.775,0.4838709533214569,79.72983633354306,0.0,0.0
11440,85.31958762886597,0.2406947910785675,20.535980319239428,61.49151515151515,0.2456575632095337,15.105855770183332,38.75017946563592,-2.0201992017372525,35.94714944766213,100.0,0.0,1,85.31958762886597,0.2406947910785675,20.535980319239428,0.0,0.0
23729,123.79615384615386,0.21666666865348816,26.82250024596086,89.74928571428572,0.23333333432674408,20.941500089157906,37.93553103058153,-7.142856686699149,28.08299372902966,100.0,0.0,1,123.79615384615386,0.21666666865348816,26.82250024596086,0.0,0.0
19634,561.1011904761905,0.6774193346500397,394.5622002226966,253.87332689655176,0.8709677457809448,223.66767831955337,121.01620415792158,-22.222224883581866,76.40555094374733,100.0,0.0,2,561.1011904761905,0.6774193346500397,394.5622002226966,0.0,0.0
13506,152.07876712328766,0.17534561501815915,26.195851475529835,67.40683333333334,0.21927803847938776,14.621889713288597,125.61327925203575,-20.03503121693524,79.15503391960783,100.0,50.0,2,152.07876712328766,0.17534561501815915,26.666344952436276,0.47049347690644083,0.0
15559,175.86715218423555,0.38458781441052753,67.23794039294698,78.49382099367246,0.5145758589108785,40.36278318690142,124.05222469474705,-25.261201482610584,66.58400408514724,100.0,0.0,3,175.86715218423555,0.38458781441052753,67.63636368513879,0.39842329219180783,0.0
11467,144.19727272727275,0.28387096524238586,40.933418994410474,91.56333333333335,0.29032257199287415,26.582902433574205,57.48364271790679,-2.2222201691732857,53.98400944628066,100.0,0.0,1,144.19727272727275,0.28387096524238586,40.933418994410474,0.0,0.0
15583,128.77966666666669,0.14677419140934944,18.80288467842589,66.125,0.18602150678634644,13.084408612921834,94.75185885318214,-21.098267643898936,43.70450537486755,100.0,50.0,2,128.77966666666669,0.14677419140934944,18.901531444965553,0.09864676653966242,0.0
9445,96.48239650537634,0.19601753105719885,18.619453979876734,48.37603367003367,0.2968702018260956,14.60211872579634,99.44255282165052,-33.97197500743962,27.51200239855128,100.0,33.33333333333333,3,96.48239650537634,0.19601753105719885,18.91224115346558,0.2927871735888452,0.0
13545,173.3675,0.11290322244167328,19.294246736814582,66.08058441558441,0.1666666604578495,10.599865205380823,162.35769785218955,-32.258064011412266,82.02351032747302,100.0,50.0,2,173.3675,0.11290322244167328,19.573749416656792,0.27950267984221,0.0
21744,146.03577235772354,0.2755376398563385,40.220162083559885,61.023610202746895,0.2907361462712288,17.558354044665673,139.31027986140018,-5.227594370295996,129.06567427246404,100.0,50.0,2,146.03577235772354,0.2755376398563385,40.23835205004466,0.01818996648477622,0.0
7417,105.0,0.06896551698446274,7.2413792833685875,64.45599999999999,0.08620689809322357,5.556551823496817,62.90182450043444,-20.000001728534667,30.321456784533048,100.0,0.0,1,105.0,0.06896551698446274,7.2413792833685875,0.0,0.0
7423,103.2118794326241,0.06589020416140556,6.890998104085208,77.20969987995198,0.07382044941186905,5.88555531963867,33.677348303517704,-10.74261307489201,17.08322715261241,100.0,50.0,2,103.2118794326241,0.06589020416140556,6.890998104085208,0.0,0.0
25857,396.65909090909093,0.35483869910240173,140.74999580532312,193.5845714285714,0.5645161271095276,109.28161253101483,104.90222334451367,-37.142858802055834,28.795679845387863,100.0,0.0,1,396.65909090909093,0.35483869910240173,140.74999580532312,0.0,0.0
11527,281.3180373230373,0.23669355362653732,66.78228913448798,102.23520594965676,0.33207885921001434,34.25028733549763,175.1674774945585,-28.72369105651292,94.98315001075504,100.0,0.0,2,281.3180373230373,0.23669355362653732,66.78228913448798,0.0,0.0
15626,100.56521739130434,0.1854838728904724,18.653225999811422,39.37906976744186,0.3467741906642914,13.655645047717316,155.37733111829485,-46.51162690765603,36.5971796618242,100.0,0.0,1,100.56521739130434,0.1854838728904724,18.653225999811422,0.0,0.0
23833,129.7621052631579,0.30645161867141724,39.76580720010557,89.07692307692308,0.4193548262119293,37.35483759641647,45.67421143532407,-26.923073369722992,6.454236609826369,100.0,0.0,1,129.7621052631579,0.30645161867141724,39.76580720010557,0.0,0.0
13619,198.3320930232558,0.6935483813285828,137.55290208178897,152.97153846153847,0.8387096524238586,128.29870585381985,29.65293741431665,-17.307690531015343,7.213008242275727,100.0,0.0,1,198.3320930232558,0.6935483813285828,137.55290208178897,0.0,0.0
21815,136.2886111111111,0.22580644488334656,29.364407727022964,79.29648015873013,0.2795698866248131,19.95181414540502,71.8722077427625,-19.230769948273384,47.17663022029353,100.0,50.0,2,136.2886111111111,0.22580644488334656,30.774846753088962,1.4104390260659976,0.0
13626,109.36228164434438,0.6927803556124369,76.00140012683543,77.119960731082,0.7679211298624674,59.17749184399872,41.80801002439776,-9.784959851734778,28.429573066711257,100.0,0.0,3,109.36228164434438,0.6927803556124369,76.00140012683543,0.0,0.0
21860,197.9414285714286,0.23333333432674408,46.18633352997048,90.41111111111111,0.4000000059604645,36.16444498333666,118.9348478730315,-41.66666728754838,27.711993233275305,100.0,0.0,1,197.9414285714286,0.23333333432674408,46.18633352997048,0.0,0.0
7528,480.04857142857145,0.22580644488334656,108.39806128561497,223.70222222222228,0.29032257199287415,64.94580451607706,114.59266996091738,-22.22222222222222,66.9054099696024,100.0,0.0,1,480.04857142857145,0.22580644488334656,108.39806128561497,0.0,0.0
7529,151.91842865300129,0.1640118643641472,25.300189160373186,67.67469518716578,0.22014143243432044,13.20550850891136,124.48335856237736,-25.497048624374514,91.58814780438085,100.0,60.0,5,151.91842865300129,0.1640118643641472,25.300189160373186,0.0,0.0
9578,94.7687317251462,0.3381231650710106,31.997915248988924,65.01420144409116,0.3639068081974983,24.020969521188178,45.76620126087743,-7.085232412715542,33.208258812220386,100.0,50.0,2,94.7687317251462,0.3381231650710106,32.043503520671926,0.045588271683001835,0.0
25966,524.94,0.19354838132858276,101.60128729462625,185.0,0.22580644488334656,41.77419230341911,183.7513513513514,-14.285714285714285,143.21544401544404,100.0,0.0,1,524.94,0.19354838132858276,101.60128729462625,0.0,0.0
3444,328.0196428571429,0.6201334595680237,197.48714553117753,192.02717348927874,0.7719688713550568,136.86242779901036,70.81938816094531,-19.668592532819684,44.29609989178165,100.0,50.0,2,328.0196428571429,0.6201334595680237,203.4159559312676,5.928810400090072,0.0
13686,494.2857142857143,0.16462736204266548,80.41156765073538,194.04125,0.21523915231227875,40.97905415683985,154.73228722537826,-23.51421185499903,96.22602157427738,100.0,0.0,2,494.2857142857143,0.16462736204266548,81.37295323823179,0.9613855874964088,0.0
9594,118.03056422379827,0.372491051753362,43.99621471913881,69.58505606185662,0.5189964175224304,36.075442344203225,69.6205635285782,-28.228589027348466,21.956133758144578,100.0,0.0,3,118.03056422379827,0.372491051753362,43.99621471913881,0.0,0.0
7550,48.122647058823524,0.3777777850627899,18.17966701724073,26.42400276326747,0.4933333396911621,13.035841531211236,82.11717388146724,-23.423422933611704,39.459098008470136,100.0,0.0,1,48.122647058823524,0.3777777850627899,18.17966701724073,0.0,0.0
23935,649.6,0.09677419066429138,62.86451425552369,293.25,0.12903225421905518,37.83870854973793,121.51747655583974,-25.0,66.1381074168798,100.0,0.0,1,649.6,0.09677419066429138,62.86451425552369,0.0,0.0
7555,89.96503168208817,0.3492511548101902,31.583208403633094,47.683336590790596,0.5006228499114513,22.84616475210615,88.67184663303054,-30.23667320179958,38.24293375421574,100.0,25.0,4,89.96503168208817,0.3492511548101902,31.583208403633094,0.0,0.0
11652,146.28559793681495,0.16093190014362335,23.634440026764608,61.310925882284494,0.2398233562707901,15.194030700513428,138.59629557328785,-32.89565176382928,55.550824482446025,100.0,33.33333333333333,3,146.28559793681495,0.16093190014362335,23.634440026764608,0.0,0.0
11656,145.84316455696202,0.6370967626571655,92.91620799491677,113.23456790123457,0.6532257795333862,73.9677388874101,28.79738692884784,-2.4691335494661617,25.61720743735192,100.0,0.0,1,145.84316455696202,0.6370967626571655,92.91620799491677,0.0,0.0
9612,100.16974340344031,0.39445063347617787,42.745327426682906,61.220447509712294,0.4786697216331959,30.50399154745244,63.621383831846245,-17.594404732696884,40.13027560733378,100.0,33.33333333333333,3,100.16974340344031,0.39445063347617787,42.745327426682906,0.0,0.0
11667,110.05303898482468,0.7583333253860474,83.45688702220241,72.55452107279692,0.9666666388511658,70.13603501889668,51.68322712020106,-21.551722702741866,18.99287862468517,100.0,0.0,1,110.05303898482468,0.7583333253860474,83.45688702220241,0.0,0.0
11681,115.25357142857145,0.12444444745779037,14.34266701396555,55.30526315789473,0.15833333134651184,8.75666655678498,108.39530425798038,-21.40350588250795,63.7914030522532,100.0,0.0,1,115.25357142857145,0.12444444745779037,14.34266701396555,0.0,0.0
21931,121.73717948717949,0.12580645084381104,15.315322487018047,70.24416666666666,0.12903225421905518,9.063763170739014,73.30574945086235,-2.499997690319946,68.97310971739911,100.0,0.0,1,121.73717948717949,0.12580645084381104,15.315322487018047,0.0,0.0
9649,88.55693548387096,0.5166666507720947,45.75441525909208,55.88652348693516,0.6733333468437195,37.63025990291819,58.4584797166231,-23.267330632888893,21.589421325107207,100.0,0.0,1,88.55693548387096,0.5166666507720947,45.75441525909208,0.0,0.0
23989,198.0,0.019354838877916336,3.8322580978274345,87.55,0.032258063554763794,2.82419346421957,126.15648201027984,-39.999997690319944,35.69389442965906,100.0,0.0,1,198.0,0.019354838877916336,3.8322580978274345,0.0,0.0
11705,151.62705882352944,0.09444444626569748,14.320333609484576,80.7,0.1111111119389534,8.96666673347354,87.88978788541442,-14.999998994171627,59.70632159245104,100.0,0.0,1,151.62705882352944,0.09444444626569748,14.320333609484576,0.0,0.0
13755,98.7363552752595,0.33020834624767303,32.83385545392123,64.04731818181818,0.42916667461395264,25.094090724258713,54.1615762817199,-23.058250842821234,30.842977395392968,100.0,50.0,2,98.7363552752595,0.33020834624767303,32.83385545392123,0.0,0.0
9669,147.42416666666668,0.05714285746216774,8.424238142312195,92.16666666666667,0.0625,5.760416666666667,59.95388788426763,-8.571428060531616,46.243555454244245,100.0,0.0,1,147.42416666666668,0.05714285746216774,8.424238142312195,0.0,0.0
3532,105.09602829537613,0.3467741906642914,34.58560459100476,49.85932432432432,0.5221774280071259,25.823568984334532,110.78510332741129,-33.59073524343164,33.93038201646558,100.0,50.0,2,105.09602829537613,0.3467741906642914,36.44459015416052,1.8589855631557626,0.0
19916,170.1,0.4444444477558136,75.60000056326389,84.9355642043142,0.6933333277702332,58.88865737581946,100.26946496855078,-35.897434905494684,28.377864145882782,100.0,0.0,1,170.1,0.4444444477558136,75.60000056326389,0.0,0.0
7632,133.7017796925372,0.419211467107137,55.53237904326121,71.08158524008485,0.4648745556672414,33.111661395483665,88.09622666819635,-9.822668933678992,67.71245145323836,100.0,0.0,3,133.7017796925372,0.419211467107137,56.04931921974374,0.5169401764825281,0.0
11735,125.91200466200466,0.2606929490963618,32.79271182315403,97.54681693861694,0.30418160557746887,29.32994678551178,29.07853747932853,-14.296938303861829,11.806243846827448,100.0,0.0,3,125.91200466200466,0.2606929490963618,32.82437182197285,0.03165999881882442,0.0
13787,134.145,0.10000000149011612,13.414500199891627,51.45161290322581,0.17222222685813904,8.86111134963651,160.72068965517244,-41.93548456873282,51.3862050773338,100.0,0.0,1,134.145,0.10000000149011612,13.414500199891627,0.0,0.0
7653,205.693320802005,0.8172042965888977,168.09346553903697,141.60420243204578,0.8351254463195801,118.2572727567904,45.25933359973185,-2.145923083730876,42.14218002874157,100.0,0.0,1,205.693320802005,0.8172042965888977,168.09346553903697,0.0,0.0
9703,115.10552291421857,0.25,28.428249976285475,71.40351818723911,0.30916665494441986,22.73824913353439,61.204273733937185,-19.137463241324163,25.02391810968184,100.0,0.0,2,115.10552291421857,0.25,28.776380728554642,0.34813075226916723,0.0
9709,120.75,0.03703703731298447,4.472222255542874,71.34272727272727,0.04583333432674408,3.269875070872632,69.25341182766925,-19.19192034132003,36.77043185473663,100.0,0.0,1,120.75,0.03703703731298447,4.472222255542874,0.0,0.0
15853,99.13725490196079,0.1495601236820221,14.826980104633407,58.38028846153846,0.20967741310596466,12.241027860995382,69.81288978603358,-28.671323502813866,21.12528680600313,100.0,0.0,1,99.13725490196079,0.1495601236820221,14.826980104633407,0.0,0.0
13817,348.9507142857143,0.37580645084381104,132.1954834255576,246.36416666666668,0.4419354796409607,109.27136445345978,41.64020645009154,-14.963503009732214,20.979072684556364,100.0,0.0,2,348.9507142857143,0.37580645084381104,132.1954834255576,0.0,0.0
11770,235.35087660631712,0.37634407977263135,93.58426727553986,101.19161453016335,0.43926723798116046,47.10376073714965,132.5794263675508,-14.324573464144349,98.6768483258962,100.0,33.33333333333333,3,235.35087660631712,0.37634407977263135,93.58426727553986,0.0,0.0
15875,92.18333333333334,0.15000000596046448,13.827500549455484,62.22727272727273,0.18333333730697632,11.4083335806023,48.13976138300463,-18.181816704017102,21.205261502578416,100.0,0.0,1,92.18333333333334,0.15000000596046448,13.827500549455484,0.0,0.0
13827,147.89335480093678,0.31166666001081467,44.931499084900075,80.41611474802372,0.44209522753953934,30.3001988487326,83.91009720420665,-29.50236949053236,48.28780269466606,100.0,50.0,2,147.89335480093678,0.31166666001081467,46.093427928602345,1.1619288437022703,0.0
22023,640.6133333333333,0.09677419066429138,61.994836862087254,275.0,0.12903225421905518,35.48386991024017,132.95030303030305,-25.0,74.71272727272729,100.0,0.0,1,640.6133333333333,0.09677419066429138,61.994836862087254,0.0,0.0
22024,396.485,0.06666667014360428,26.432334711886945,227.21666666666667,0.10000000149011612,22.721667005245884,74.49644245580576,-33.3333308498065,16.33096597086982,100.0,0.0,1,396.485,0.06666667014360428,26.432334711886945,0.0,0.0
13834,73.63474550665546,0.49875931441783905,36.73508639891266,52.89846552486047,0.5664136707782745,30.025422571487137,39.20015406127357,-11.944336772005478,22.3466091491321,100.0,0.0,2,73.63474550665546,0.49875931441783905,36.73508639891266,0.0,0.0
22031,422.1105,0.21236559003591537,88.5497468881756,192.35246753246753,0.2940860167145729,55.04473040631839,119.44636604609772,-27.78793347320958,60.86870847497381,100.0,0.0,2,422.1105,0.21236559003591537,89.64174539285526,1.0919985046796512,0.0
17935,140.17857142857142,0.6222222447395325,87.2222253786666,92.01183189655173,0.644444465637207,59.2965158388738,52.34841926218057,-3.4482755431380587,47.09502598040535,100.0,0.0,1,140.17857142857142,0.6222222447395325,87.2222253786666,0.0,0.0
11798,126.03764458633111,0.6441685408353806,81.2471205604587,61.658171263488285,0.7855269014835358,48.55250507948387,104.4135302808859,-17.99535577727353,67.33867887445032,100.0,25.0,4,126.03764458633111,0.6441685408353806,81.2471205604587,0.0,0.0
13862,178.80830882352942,0.20346681028604507,24.582706137246948,103.5353370786517,0.22996450494974852,18.782530916410952,72.70268670463285,-11.52251503748097,30.880690396032733,100.0,50.0,2,178.80830882352942,0.20346681028604507,36.381556248965616,11.798850111718668,0.0
13865,144.31293995859212,0.14193548262119293,20.485290140158824,85.57199074074074,0.1645161285996437,14.06258061097038,68.6450656451596,-13.725490728876583,45.672339287271456,100.0,0.0,2,144.31293995859212,0.14193548262119293,20.485290140158824,0.0,0.0
26155,650.52,0.29032257199287415,188.86063953280447,291.84,0.4838709533214569,141.21289901733397,122.9029605263158,-40.0,33.74177631578947,100.0,0.0,1,650.52,0.29032257199287415,188.86063953280447,0.0,0.0
17985,142.1875,0.14746543765068054,20.96774191595614,83.68571428571428,0.18817204236984253,15.747311774321965,69.90653806759987,-21.632652867292176,33.151246488602354,100.0,0.0,1,142.1875,0.14746543765068054,20.96774191595614,0.0,0.0
20037,349.9423471989967,0.48763440549373627,175.710743940844,253.88207589285713,0.5284946262836456,108.8324166902221,37.83657076550719,-7.731435431470117,61.45074168570813,75.0,25.0,4,349.9423471989967,0.48763440549373627,175.710743940844,0.0,0.0
9801,113.13815789473684,0.2724014222621918,30.818995122650733,37.75028011204481,0.3338008522987366,12.601075675916602,199.70150568137996,-18.394030336865377,144.57431980630463,100.0,0.0,1,113.13815789473684,0.2724014222621918,30.818995122650733,0.0,0.0
11851,92.43426756939058,0.41147570610046386,38.633393274907164,43.0841554639907,0.5341802060604095,22.94890466256091,114.54352899326578,-22.970619009808313,68.34526023341802,100.0,20.0,5,92.43426756939058,0.41147570610046386,38.633393274907164,0.0,0.0
13913,250.78478260869562,0.7419354915618896,186.06613096102421,116.64032258064516,1.0,116.64032258064516,115.00693504624262,-25.806450843811035,59.52127604274931,100.0,0.0,1,250.78478260869562,0.7419354915618896,186.06613096102421,0.0,0.0
15965,69.16784083496412,0.4961768090724945,34.20928823347097,45.038216079582526,0.5860214829444885,26.39819051736264,53.57588922426358,-15.331293559506697,29.589519444413476,100.0,0.0,2,69.16784083496412,0.4961768090724945,34.319478555926686,0.1101903224557148,0.0
11874,96.94415064102564,0.1309523843228817,12.458381277137818,72.14583333333334,0.16190476343035698,11.390476301622888,34.372487172082884,-19.117645739181345,9.375419844056715,100.0,50.0,2,96.94415064102564,0.1309523843228817,12.695067672598928,0.2366863954611098,0.0
9855,86.41607652769846,0.1444600224494934,12.48366835518846,40.06943479388125,0.1716129034757614,6.876432045610659,115.66582351916408,-15.822167492261489,81.54281569839686,100.0,0.0,1,86.41607652769846,0.1444600224494934,12.48366835518846,0.0,0.0
7807,131.45142857142858,0.1505376398563385,19.78838781288692,60.30222061888728,0.23655913770198822,14.26504131111903,117.98770795226177,-36.36363350039669,38.71945675658621,100.0,0.0,1,131.45142857142858,0.1505376398563385,19.78838781288692,0.0,0.0
11908,80.07256578947369,0.5066666603088379,40.57009949091234,59.080845481049565,0.5444444417953491,32.166237938727306,35.53050085438826,-6.938776225161923,26.12634268326109,100.0,0.0,1,80.07256578947369,0.5066666603088379,40.57009949091234,0.0,0.0
11909,99.9492503052503,0.25627240538597107,25.660089575675674,73.96517412074789,0.2840949793656667,21.109196483102284,35.13014941610697,-9.79340572713339,21.55881724923228,100.0,33.33333333333333,3,99.9492503052503,0.25627240538597107,25.660089575675674,0.0,0.0
16013,128.29819406249499,0.3548387140035629,44.80919109390645,75.82557971014492,0.448387086391449,33.968128274623034,69.20173186005935,-20.863306555224217,31.915396490605502,100.0,0.0,2,128.29819406249499,0.3548387140035629,45.52516619011527,0.7159750962088225,0.0
13970,235.28735294117647,0.1827957034111023,43.00951718461864,83.87624316109422,0.2526881694793701,21.194534347183435,180.51727649422656,-27.659571958699853,102.9273985457209,100.0,0.0,1,235.28735294117647,0.1827957034111023,43.00951718461864,0.0,0.0
11923,142.37353369763207,0.49193549156188965,70.03859428494789,73.77664974619289,0.6354838609695435,46.88387023010834,92.97912576326902,-22.588830059137187,49.38739899499556,100.0,0.0,1,142.37353369763207,0.49193549156188965,70.03859428494789,0.0,0.0
16033,246.43267006802716,0.09408602118492126,23.185869416677114,107.37886363636365,0.10138248652219772,10.886336195382544,129.4983032252664,-7.196968221605903,112.98138327301923,100.0,0.0,1,246.43267006802716,0.09408602118492126,23.185869416677114,0.0,0.0
24231,209.52266666666665,0.29032257199287415,60.8291594774723,109.11,0.4516128897666931,49.275482402443885,92.02883939754986,-35.714285714285715,23.44711104128206,100.0,0.0,1,209.52266666666665,0.29032257199287415,60.8291594774723,0.0,0.0
24251,202.27306490384615,0.3026881739497185,62.14601115292457,87.81313817049809,0.4189964234828949,37.739978108392364,130.3448767667459,-27.75876905257751,64.66891150396549,100.0,50.0,2,202.27306490384615,0.3026881739497185,62.14601115292457,0.0,0.0
16065,102.37833333333333,0.2989247441291809,28.57617323984702,66.60911111111112,0.3403225913643837,20.044054344809716,53.70019450125273,-12.164295960851474,42.56683178094976,100.0,50.0,2,102.37833333333333,0.2989247441291809,30.60341709603866,2.027243856191639,0.0
22218,134.44237385268207,0.47373271981875104,62.4083888409404,53.27111629392351,0.7057859897613525,37.606892931722086,152.37386262171785,-32.87870166154271,65.94933528342037,100.0,0.0,3,134.44237385268207,0.47373271981875104,63.689751424120416,1.2813625831800195,0.0
22219,94.16296296296296,0.07910906585554282,8.632719211928823,49.12398504273505,0.09569892194122076,5.154141874515658,91.68429206434817,-17.3354681005368,67.49091162221939,100.0,66.66666666666666,3,94.16296296296296,0.07910906585554282,8.632719211928823,0.0,0.0
3790,120.33710116710115,0.5036866366863251,61.30430509645904,51.34667378804636,0.6483999093373617,33.09376255497056,134.3620185872993,-22.318521419740435,85.24428884334084,100.0,0.0,3,120.33710116710115,0.5036866366863251,61.30430509645904,0.0,0.0
14034,75.0,0.04516129195690155,3.3870968967676163,36.5,0.06451612710952759,2.354838639497757,105.47945205479452,-29.999995380639895,43.835625930192,100.0,0.0,1,75.0,0.04516129195690155,3.3870968967676163,0.0,0.0
1747,123.26959816220247,0.24166665971279144,29.790152031997525,84.80434782608695,0.3285714387893677,27.864286580811374,45.35763946324824,-26.4492797660015,6.911590740357913,100.0,0.0,1,123.26959816220247,0.24166665971279144,29.790152031997525,0.0,0.0
14040,166.39615384615385,0.2818996384739876,45.544623232690185,90.70600427350426,0.33655913919210434,30.49082156285707,83.44557802857501,-16.240682350603976,49.37158429398034,100.0,50.0,2,166.39615384615385,0.2818996384739876,46.90701561269279,1.3623923800026034,0.0
22246,75.24,0.20788531005382538,15.641290728449821,49.937777777777775,0.2540322542190552,12.685806259579127,50.66749733001068,-18.165781470189497,23.297569018437354,100.0,0.0,1,75.24,0.20788531005382538,15.641290728449821,0.0,0.0
20200,234.6386160714286,0.5161290168762207,121.10379823414344,102.5225,0.6451612710952759,66.14354641586542,128.86548423168438,-20.0,83.0923873853475,100.0,0.0,1,234.6386160714286,0.5161290168762207,121.10379823414344,0.0,0.0
12011,113.07909166666667,0.37096773087978363,43.617611603319645,71.10738110177297,0.46451611816883087,34.51982088617097,59.02581407803695,-20.13888940126004,26.355266289325836,100.0,50.0,2,113.07909166666667,0.37096773087978363,43.617611603319645,0.0,0.0
22263,143.5041964285714,0.31111112236976624,44.645751615664246,64.18524553571427,0.35555556416511536,22.82142118752734,123.5781685196204,-12.499998952262128,95.63089979718102,100.0,0.0,1,143.5041964285714,0.31111112236976624,44.645751615664246,0.0,0.0
14073,99.55081073495222,0.5821051225066185,59.020476160269254,61.96609870322928,0.6559779942035675,41.92851810996222,60.65366840621236,-11.261486261690704,40.76451737569515,100.0,50.0,4,99.55081073495222,0.5821051225066185,59.020476160269254,0.0,0.0
9981,91.5,0.07333333045244217,6.7099997363984585,52.601351351351354,0.08222222328186035,4.325000055738398,73.9499036608863,-10.810815464022154,55.14450057626357,100.0,0.0,1,91.5,0.07333333045244217,6.7099997363984585,0.0,0.0
14078,111.90247615217888,0.28489988297224045,32.846250111032425,58.46766468253967,0.341024748980999,22.595496217120377,91.3920741657338,-16.457710525838014,45.3663588328065,100.0,25.0,4,111.90247615217888,0.28489988297224045,32.846250111032425,0.0,0.0
24324,98.41799999999999,0.09677419066429138,9.524322296798228,79.84062499999999,0.10322580486536026,8.241612776578403,23.268073114407617,-6.250001353328137,15.563816876535617,100.0,0.0,1,98.41799999999999,0.09677419066429138,9.524322296798228,0.0,0.0
9990,78.29329479768786,0.3604166805744171,28.21820942221694,48.25469879518073,0.4882352948188782,23.55964709266123,62.25009533269977,-26.17971613295148,19.773480949155818,100.0,0.0,1,78.29329479768786,0.3604166805744171,28.21820942221694,0.0,0.0
9992,100.5672531633927,0.5775089636445045,58.050508015517636,49.2026371046384,0.7516726404428482,37.00657856836386,104.39403064823145,-23.170149800282083,56.865374377364866,100.0,0.0,4,100.5672531633927,0.5775089636445045,58.07849015096544,0.027982135447807366,0.0
7958,129.454,0.05376344174146652,6.959892587199808,43.27307692307692,0.10483870655298233,4.536693413183093,199.1559861345658,-48.7179463490461,53.41333330956828,100.0,0.0,1,129.454,0.05376344174146652,6.959892587199808,0.0,0.0
5912,167.15333333333334,0.3499999940395355,58.50366567035516,74.29797101449275,0.46000000834465027,34.17706728665725,124.97698261602326,-23.913046154272756,71.1781329265634,100.0,0.0,1,167.15333333333334,0.3499999940395355,58.50366567035516,0.0,0.0
14120,411.092,0.3333333432674408,137.03067075049876,188.5739010989011,0.4333333373069763,81.71535789218251,118.00047493549764,-23.076921489817163,67.69267648720427,100.0,0.0,1,411.092,0.3333333432674408,137.03067075049876,0.0,0.0
5928,83.57011904761907,0.42489247024059296,35.5930610374929,37.292010506504525,0.6015681028366089,22.428539516793858,124.09657702161876,-29.369182269293713,58.69540239497905,100.0,0.0,2,83.57011904761907,0.42489247024059296,35.5930610374929,0.0,0.0
14140,102.10107142857144,0.12903225421905518,13.174331404609342,83.6923076923077,0.13978494703769684,11.69892479823186,21.995765493697498,-7.692310972326586,12.61147183885199,100.0,0.0,1,102.10107142857144,0.12903225421905518,13.174331404609342,0.0,0.0
10044,125.41972727272727,0.3502304032444954,43.98469901479001,58.53606615059816,0.5184331685304642,32.45737253045066,114.26060123352796,-32.444445204528776,35.51527922823916,100.0,50.0,2,125.41972727272727,0.3502304032444954,43.98469901479001,0.0,0.0
10056,176.61081529581526,0.29311828315258026,53.64306868650352,114.06424901988908,0.4056989252567291,45.319462248575185,54.83450495081952,-27.7498004296923,18.366516337448427,100.0,50.0,2,176.61081529581526,0.29311828315258026,53.64306868650352,0.0,0.0
10058,140.12580781126712,0.3245698809623718,45.45416719534043,63.45469216295517,0.5198476761579514,33.386556445119766,120.82812639200309,-37.564425917765575,36.145119578466236,100.0,0.0,2,140.12580781126712,0.3245698809623718,45.48061676105916,0.026449565718728252,0.0
12109,219.35,0.625806450843811,137.27064499258995,93.55424528301887,0.8548387289047241,79.97379212137663,134.46290367307836,-26.792454566765407,71.64453673054992,100.0,0.0,1,219.35,0.625806450843811,137.27064499258995,0.0,0.0
18259,178.37542857142859,0.6666666865348816,118.91695592495374,146.44681818181814,0.7333333492279053,107.39433566104279,21.802187842667983,-9.090908352008551,10.729262575149736,100.0,0.0,1,178.37542857142859,0.6666666865348816,118.91695592495374,0.0,0.0
14173,382.4448051948052,0.16129032522439957,61.77903328814193,187.46559770114942,0.19032257795333862,35.54019317607838,104.00799393843145,-15.25423470044468,73.82863672706358,100.0,0.0,2,382.4448051948052,0.16129032522439957,61.77903328814193,0.0,0.0
18271,100.24706122448981,0.6034482717514038,60.493915844075545,40.8025,0.7586206793785095,30.953620270341638,145.6885269885174,-20.454544918842547,95.43405687520851,100.0,0.0,1,100.24706122448981,0.6034482717514038,60.493915844075545,0.0,0.0
8033,108.7795467018204,0.2441511924068133,24.855601466418047,65.97994492269207,0.28122782955567044,21.053698930002472,64.86759246203694,-13.18384357886517,18.058121516108947,100.0,66.66666666666666,3,108.7795467018204,0.2441511924068133,26.558656036722084,1.7030545703040367,0.0
8042,113.53741189751103,0.2702419348061085,30.98927451128081,76.04584169199197,0.3004032298922539,20.617241104641025,49.3012758769519,-10.040269905541097,50.30757196851619,75.0,25.0,4,113.53741189751103,0.2702419348061085,30.98927451128081,0.0,0.0
14191,104.72261904761906,0.3870967626571655,40.53778681031296,66.59366666666668,0.41474655270576477,27.6194936820368,57.2561240272384,-6.6666714571139405,46.7723748921508,100.0,0.0,1,104.72261904761906,0.3870967626571655,40.53778681031296,0.0,0.0
12145,114.85849721780849,0.23166069140036902,26.87765332410039,67.6724174035463,0.2770988444487254,18.056350866485417,69.72719702457304,-16.397813978168465,48.85429244725348,88.88888888888889,44.44444444444444,9,114.85849721780849,0.23166069140036902,26.87765332410039,0.0,0.0
16247,109.01397827962049,0.1826164834201336,18.377105095767412,70.12832243307459,0.21459883823990822,14.413257670374241,55.44928852911827,-14.903321510072825,27.501398476630783,100.0,50.0,2,109.01397827962049,0.1826164834201336,19.907749357063118,1.5306442612957056,0.0
6016,108.09694444444443,0.29032257199287415,31.382982935681934,72.42166666666665,0.33870968222618103,24.52991970295707,49.260503685974896,-14.28571805662033,27.937568959505114,100.0,0.0,1,108.09694444444443,0.29032257199287415,31.382982935681934,0.0,0.0
16256,114.61655659552237,0.3651464482148488,40.651249975113046,70.89622245453899,0.40823136766751605,29.15802663855997,61.6680728920618,-10.554044315320164,39.41701363752061,100.0,33.33333333333333,3,114.61655659552237,0.3651464482148488,41.8518285474712,1.200578572358154,0.0
20353,133.2,0.2709677368402481,33.60193483680487,93.23016223155928,0.3451612815260887,30.366393254624057,42.87221732937256,-21.4953265782891,10.65500784057758,100.0,50.0,2,133.2,0.2709677368402481,36.09290254712104,2.49096771031617,0.0
14212,125.6076923076923,0.4193548262119293,52.674191978573795,79.78446428571428,0.4516128897666931,36.031692474558945,57.433772893281,-7.142857142857142,46.18850340090378,100.0,0.0,1,125.6076923076923,0.4193548262119293,52.674191978573795,0.0,0.0
18312,110.96150943396225,0.4416666626930237,49.00799955907857,44.94295108259823,0.47777777910232544,21.472743354548236,146.8941330310777,-7.558140622853843,128.23352726701302,100.0,0.0,1,110.96150943396225,0.4416666626930237,49.00799955907857,0.0,0.0
8076,247.29821373624765,0.49669149518013,125.19923628995446,94.1714326684143,0.7653763592243195,73.83918694837155,162.60428107428916,-35.104933776174065,69.55662902612121,100.0,0.0,2,247.29821373624765,0.49669149518013,125.19923628995446,0.0,0.0
12178,250.0,0.19354838132858276,48.38709533214569,122.24285714285715,0.22580644488334656,27.60322498381138,104.51092672665654,-14.285714285714285,75.29508005141989,100.0,0.0,1,250.0,0.19354838132858276,48.38709533214569,0.0,0.0
26514,251.02799999999996,0.1666666716337204,41.83800124686956,115.0,0.23333333432674408,26.83333344757557,118.28521739130431,-28.571426746796597,55.91801640526211,100.0,0.0,1,251.02799999999996,0.1666666716337204,41.83800124686956,0.0,0.0
20375,161.9598129700229,0.33100683987140656,56.64306219091875,88.96982863043112,0.3817849516868591,36.94762035372684,82.0390299309022,-13.30018681749952,53.30638793143619,100.0,40.0,5,161.9598129700229,0.33100683987140656,56.64306219091875,0.0,0.0
8095,134.46666666666667,0.09677419066429138,13.012902837991716,90.59571428571428,0.11290322244167328,10.228548082262277,48.42497542719882,-14.285714285714285,27.221407509027568,100.0,0.0,1,134.46666666666667,0.09677419066429138,13.012902837991716,0.0,0.0
10143,92.6470588235294,0.11724138259887695,10.86206927019007,53.5,0.13793103396892548,7.379310317337513,73.17207256734469,-14.999997299164525,47.196266359335745,100.0,0.0,1,92.6470588235294,0.11724138259887695,10.86206927019007,0.0,0.0
6056,134.99690225563907,0.3494623601436615,47.07322761520899,73.10245514399537,0.4233871102333069,30.82751778863874,84.66808261053008,-17.46032137088662,52.69872825296849,100.0,0.0,2,134.99690225563907,0.3494623601436615,47.17633607433881,0.10310845912982103,0.0
16298,124.27951754385965,0.20430107414722443,25.39043892870935,61.329057971014485,0.24731183052062988,15.16740159091742,102.64377385773152,-17.391305657663494,67.40137574990904,100.0,0.0,1,124.27951754385965,0.20430107414722443,25.39043892870935,0.0,0.0
14258,180.534797979798,0.36666667461395264,66.19609402735426,122.68382352941177,0.42500001192092896,52.140626462505146,47.15452517382395,-13.725490746063604,26.956844438676903,100.0,0.0,1,180.534797979798,0.36666667461395264,66.19609402735426,0.0,0.0
16317,149.08342548598674,0.26838709600269794,37.37525815215277,69.51940167416042,0.3415444828569889,24.579440702613468,114.4486602240125,-21.41957798361607,52.05902609565381,100.0,25.0,4,149.08342548598674,0.26838709600269794,40.01206762831859,2.6368094761658227,0.0
22477,135.4442028985507,0.475862056016922,64.4527568668775,87.23188512518414,0.6689655184745789,58.355123260283705,55.269145799358085,-28.865981448189533,10.449182978153038,100.0,0.0,1,135.4442028985507,0.475862056016922,64.4527568668775,0.0,0.0
10201,77.80068967284696,0.4403556374212106,33.32767828768524,46.77754902719323,0.4779797103255987,22.947593184025575,66.32057747963455,-7.871479079887866,45.233872765730894,100.0,16.666666666666664,6,77.80068967284696,0.4403556374212106,34.25997229269632,0.9322940050110802,0.0
18393,180.6192307692308,0.5591397881507874,100.99139842826588,107.5320754716981,0.5698924660682678,61.28171967200513,67.96777145510305,-1.8867906767857496,64.79857120328336,100.0,0.0,1,180.6192307692308,0.5591397881507874,100.99139842826588,0.0,0.0
14302,91.79789473684211,0.15833333134651184,14.534666484280637,58.66370370370369,0.18000000715255737,10.55946708626217,56.481587320997114,-12.03704163616068,37.64583350224356,100.0,0.0,1,91.79789473684211,0.15833333134651184,14.534666484280637,0.0,0.0
18402,117.84214880556272,0.3605734780430794,42.99074184818571,84.9697135215877,0.42119176499545574,36.10391720206159,38.68723798347669,-14.392087402998104,19.075006757801,100.0,50.0,4,117.84214880556272,0.3605734780430794,42.99074184818571,0.0,0.0
18403,144.92756862914365,0.3724014312028885,54.29900569575267,80.4299125567446,0.5580645203590393,45.06902097923012,80.19113041667791,-33.26910820933423,20.479665446418625,100.0,0.0,2,144.92756862914365,0.3724014312028885,54.29900569575267,0.0,0.0
20465,305.0822222222222,0.14516128599643707,44.286127712428566,181.689,0.16129031777381897,29.304676546007393,67.91452549258469,-10.0,51.12307294332623,100.0,0.0,1,305.0822222222222,0.14516128599643707,44.286127712428566,0.0,0.0
18420,185.98059090909092,0.5279569923877716,87.37824722448534,91.73248749999999,0.6747311651706696,62.12047687464356,102.74233914030833,-21.75298553843622,40.65933106214054,100.0,50.0,2,185.98059090909092,0.5279569923877716,98.18975341886419,10.81150619437885,0.0
12279,154.91666666666666,0.18387097120285034,28.484677955508232,111.48227272727274,0.21290323138237,23.734936105487026,38.96080773815103,-13.636364272639097,20.011605798775093,100.0,0.0,1,154.91666666666666,0.18387097120285034,28.484677955508232,0.0,0.0
14334,95.4342105263158,0.21111111342906952,20.147222443434753,33.455444444444446,0.25,8.363861111111111,185.25763776593152,-15.555554628372192,140.88423009164796,100.0,0.0,1,95.4342105263158,0.21111111342906952,20.147222443434753,0.0,0.0
