cluster_id,booking_count,total_revenue,centroid_lat,centroid_lon,avg_revenue_per_booking
9,42243,10894072.1,40.41870949780082,-3.7014996791657793,257.890587789693
53,20695,11551743.26,41.391899641604255,2.1701399850785212,558.190058468229
0,18761,5588067.0,37.38992344465647,-5.994747840866691,297.8554981077768
57,16869,4298708.16,39.47227400562571,-0.3997573181160709,254.82886715276544
39,16399,1589399.05,42.30007211047625,-8.607468569412768,96.92048600524423
81,14786,2562597.78,39.8511665579129,-4.030214320749358,173.31244285134585
18,13419,3988255.89,36.71963830572323,-4.424475739570758,297.2096199418735
12,12471,1512965.61,42.883889172608455,-8.546576296175125,121.31870820303104
24,11852,5194307.14,36.523725362782656,-4.837009576468106,438.26418663516705
7,9174,878012.34,42.440731210715064,-2.9548402817200783,95.70659908436886
52,8097,1447729.34,36.01691413036927,-5.606345263332098,178.79823885389652
35,7497,1284861.23,42.91710137852474,-8.348994344431105,171.38338402027478
102,7292,1564291.63,37.17544022475316,-3.6000932087356006,214.52161684037299
32,6538,1764358.46,38.34658661290915,-0.48912447139798104,269.86210767818903
97,5959,1046901.07,37.88572467118644,-4.779837537640543,175.68401913072663
50,5904,820590.64,41.64096976256775,-4.717115285958672,138.98892953929538
51,5625,1806729.25,36.68661301731555,-6.132602096071111,321.19631111111113
5,5514,2608343.36,36.75205905745376,-3.880717153935437,473.04014508523755
33,5175,795792.79,40.948380607768115,-4.119507063884057,153.7763845410628
25,5133,452217.42,37.98330107481006,-1.1412697955386713,88.10002337814143
163,4717,503921.02,41.65498666131016,-0.8781181968200127,106.83082891668434
4,4696,566108.88,43.46197445138416,-3.8147003399063033,120.55129471890972
66,4651,999201.21,42.59684527946678,-5.571141046140615,214.83577940227906
169,4535,569743.9,36.86444187947078,-5.175149633142227,125.63261300992282
211,4526,1310784.87,43.322435461113564,-1.9815975217631463,289.6122116659302
42,4470,828578.31,38.887852801789705,-3.7129753638255036,185.36427516778525
62,4456,107086.65,42.78305834344704,-7.418107848384202,24.03201301615799
63,4333,371914.64,42.60572484890376,-8.6474575595892,85.83305792753289
91,4302,2002051.52,41.07187180753138,1.09400464697815,465.37692236169227
225,4211,814580.63,37.962477092780816,-0.7042897336737117,193.44113749703158
29,4186,775746.16,28.408755727042525,-16.540507741089346,185.31919732441472
168,4142,1174417.65,41.23670625248672,1.8096506249396427,283.53878561081603
15,4093,1209877.04,37.1281101,-6.810876,295.59663816271683
147,3882,1818714.76,28.05573348990211,-16.547441929263268,468.49942297784645
113,3861,780376.3,40.9685096969179,-5.66098318065268,202.11766381766384
49,3840,371746.08,42.43098661046875,-8.645453215989583,96.808875
190,3679,1890162.42,41.882767813753745,3.1428636471867355,513.7707039956509
229,3645,558910.5,43.35490740438957,-8.4018607563786,153.33621399176954
129,3582,874764.94,39.8888486876326,4.2675438412618645,244.21131769960914
27,3506,722312.3,43.36964946220765,-5.835768071363376,206.02176269252712
236,3466,501899.23,43.35369108179458,-8.214761442758222,144.80647143681477
125,3330,178207.97,42.782266772342346,-8.651430576126126,53.515906906906906
382,3318,624708.98,41.718433649065695,2.9317343868595542,188.278776371308
206,3232,981614.45,36.530562951330445,-6.295732037871287,303.71734220297026
204,3103,1310098.05,28.11680015572027,-15.431573223074443,422.20368997744123
2,3078,1968338.63,42.257944832098765,3.152021470240416,639.4862345679012
299,3069,310852.12,43.10434877666992,-9.218050422580644,101.2877549690453
3,3005,374603.79,42.062928716239604,-1.6062263075873544,124.66016306156405
216,2975,854441.87,28.513617733109243,-16.349903584436973,287.2073512605042
171,2948,1443031.01,42.04845606716418,3.1960336526797826,489.49491519674353
38,2925,384455.01,43.3822584,-3.2188099,131.43761025641027
232,2862,340807.6,41.67128406383648,1.269608321278826,119.08022361984625
226,2853,715642.98,40.87351410045566,0.15425269803715386,250.83875920084122
248,2797,385427.56,38.42666961984269,-6.420411163532356,137.8003432248838
182,2755,1218943.34,38.84022276805808,0.10398599056261343,442.44767332123416
75,2752,575270.1,42.339991882085755,-3.702497288372093,209.03710029069768
86,2721,421500.82,38.61564361933113,-1.125027512091143,154.90658581403895
187,2714,291016.5,42.92395191436994,-1.510638447752395,107.22789240972735
241,2668,151942.0,42.8074062,-7.617485400000001,56.94977511244378
122,2602,486894.09,42.49388594888547,-1.2145432943889316,187.1230169100692
61,2576,823853.32,36.253769726591614,-5.960518710287268,319.81883540372667
76,2526,805597.54,41.490910014924786,2.3190007891132227,318.922224861441
201,2491,280290.49,38.35659785941389,-0.7707438114010438,112.52127258129265
314,2467,337440.37,42.87862557665181,-7.806853235508715,136.7816659910823
178,2446,2104293.53,28.08797826573998,-16.717117449713818,860.299889615699
54,2422,308888.55,42.81377998212221,-1.6561489550784476,127.53449628406275
21,2398,340487.09,40.6347846,-3.1690621,141.98794412010008
96,2385,975051.26,39.163094134926624,-0.253875370985325,408.82652410901466
244,2348,656331.59,38.729029904982966,0.09348077125212947,279.5279344122657
278,2309,165004.5,42.41665990000001,-2.7348642,71.4614551754006
78,2233,393695.96,37.141847041782356,-1.8527591095387372,176.30808777429468
13,2217,260416.49,37.77871912129003,-3.787161960893098,117.4634596301308
37,2201,477713.86,41.11751053866424,1.25440305379373,217.044007269423
198,2157,516467.44,38.646547010292075,0.047310500741770976,239.4378488641632
69,2106,512970.16,41.984122390360874,2.8153558210351375,243.57557454890787
45,2084,403158.11,40.67303104649712,-4.6511002341650665,193.4539875239923
108,2035,510846.56,37.00898843425062,-6.561047793120394,251.0302506142506
11,2024,301068.01,41.3066924,-0.7521255,148.74901679841898
114,1944,415197.08,40.5280654,-3.6388212,213.57874485596707
100,1927,129606.6,42.7268412663726,-7.023132801868188,67.25822522055009
92,1923,396922.24,36.74736048699948,-5.166367858606344,206.40782111284452
267,1893,305840.26,38.273058617591126,-0.5366215245113576,161.56379292128895
85,1893,335733.11,41.06983843365029,-2.6419830918119387,177.3550501848917
247,1835,968879.53,40.055140376512256,4.130464071389645,527.9997438692099
184,1830,1373208.74,42.39771710770492,-8.820245413551913,750.3872896174863
333,1809,655503.5,37.00310237529022,-1.9033357978441128,362.35682697622997
72,1790,577449.08,41.56061568100559,2.508668489944134,322.597251396648
181,1778,180678.38,36.984996,-5.9353156999999985,101.61888638920135
227,1756,158287.78,39.960278807004556,-4.827901691343963,90.14110478359909
64,1744,867780.82,38.73259590000001,1.4156941,497.580745412844
23,1732,653491.61,37.196267662124704,-7.309299864087761,377.30462471131636
158,1690,274703.05,39.1984991,-0.5024291,162.54618343195264
131,1661,269417.47,43.47873607525587,-8.210567578928357,162.2019686935581
159,1643,233870.71,39.786855114790015,-3.4729235851491174,142.34370663420572
121,1629,334295.4,42.79804290000001,-4.848215100000001,205.21510128913445
17,1616,1273086.37,28.726039399566833,-13.865452649195545,787.8009715346535
79,1611,389902.12,38.00877230515208,-3.3768547738671635,242.02490378646803
359,1603,76786.35,42.7405346,-7.290086499999999,47.90165315034311
165,1568,194428.2,43.11808449999999,-2.4130645,123.99757653061225
67,1553,122663.61,42.46753912298776,-2.4380337763683193,78.98493882807469
150,1542,193326.73,36.642740791569395,-4.687137457003891,125.37401426718549
262,1531,1506569.91,27.759987726387983,-15.57749136237753,984.0430502939255
145,1526,429798.38,42.26705306802097,3.0422612145478376,281.65031454783747
164,1524,404366.4,42.89585552099737,-1.0918154104986877,265.33228346456696
90,1523,236233.24,41.62860370111622,-4.149787282731451,155.11046618516087
369,1515,382549.74,43.58976362653466,-5.7638653899669965,252.5080792079208
285,1511,446729.57,36.60155621019192,-6.222256147121111,295.6516015883521
26,1499,295515.79,41.51230033602402,-5.7325721081387595,197.14195463642426
284,1498,414852.82,43.33267829732978,-3.0096295329773035,276.93779706275035
58,1472,703719.87,39.74716240244565,2.9226019375679346,478.07056385869566
179,1472,55161.65,39.7905072,-6.3919367,37.473947010869566
283,1470,445234.64,42.30369653530612,2.141552338095238,302.8807074829932
318,1444,1558702.62,38.898972252770086,1.4249453155124654,1079.433947368421
319,1436,230751.04,42.1155888,-4.4949252,160.69013927576603
126,1434,269862.4,42.223473830404465,2.544167442677824,188.18856345885635
219,1400,310417.16,41.5985833,-1.2839895,221.72654285714285
356,1372,523799.23,43.3931011164723,-4.0957952505102035,381.7778644314869
228,1350,499807.02,42.11809462488889,-8.843106208296295,370.22742222222223
77,1341,197281.25,41.93120303758389,2.24899573557047,147.11502609992542
139,1340,85954.15,28.463758445522387,-16.252132670895524,64.14488805970149
293,1331,94894.5,42.6705903,-6.9814409,71.29564237415477
154,1331,222274.56,42.301109090458304,2.858366321262209,166.9981667918858
117,1329,229106.36,41.4879112,-2.5331213,172.3900376222724
120,1306,288543.42,38.03780709999999,-4.3231358,220.9367687595712
80,1297,1010356.64,38.576985898535085,-0.11504061279876639,778.995096376253
339,1262,70265.28,28.328533499999995,-16.7852127,55.67771790808241
87,1242,388624.68,42.5425203805153,-8.76664576320451,312.9023188405797
326,1229,285245.76,39.919064534580954,-5.17573655549227,232.09581773799837
68,1228,142246.15,40.48236505081433,-3.366293174918567,115.83562703583061
230,1227,210119.31,42.3470647392828,1.5831030886715567,171.2463814180929
83,1227,242900.95,40.07941833390383,-2.1293077926650366,197.96328443357785
124,1225,144811.68,42.90972319999999,-8.741254999999999,118.21361632653061
89,1224,522964.1,27.813848714705884,-15.747999152205882,427.2582516339869
180,1223,440187.47,42.02471682526574,2.467095167702371,359.92434178250204
22,1215,133823.47,39.9814314,-0.04044209999999999,110.14277366255143
406,1205,102906.24,28.494617700000003,-17.8444337,85.39936929460582
275,1203,392909.82,28.399132415461345,-13.8590477641729,326.6083291770574
289,1187,276863.66,36.9092139,-4.7596131,233.2465543386689
60,1172,1504530.32,38.984322202730375,1.5266931232935155,1283.7289419795222
14,1168,265736.0,41.67438598125,2.7893457994863016,227.513698630137
10,1162,65179.1,42.5996903,-6.7224755,56.0921686746988
415,1160,69792.13,43.3990691,-6.014119399999999,60.16562931034483
19,1156,377304.27,41.188365456055365,1.5712101692041522,326.387776816609
479,1155,990262.16,40.14505813941335,-5.2447836327972235,857.3698354978355
28,1145,154396.08,42.6797428,-0.5308594999999999,134.84373799126635
186,1135,214268.81,37.15864005277533,-3.44062694246696,188.78309251101322
95,1134,387194.09,43.41704340308642,-3.9500689871252206,341.4409964726632
128,1100,297239.93,42.576690680000006,1.0879630480000002,270.21811818181817
111,1092,125355.5,43.0756803,-3.5521667,114.79441391941391
264,1079,163181.33,41.0667842,-0.1970104,151.23385542168674
48,1070,288892.86,37.63142618616822,-0.7008827555140187,269.99332710280373
447,1067,346586.67,43.12446452221181,-4.579194360074976,324.82349578256793
432,1065,135358.97,40.8556028,-3.6139742,127.09762441314554
338,1058,358978.06,42.43973301663516,1.9360044608695652,339.29873345935727
194,1056,173011.72,43.2909909,-2.0521026,163.83685606060607
224,1055,103581.75,28.028580839336495,-16.60037506492891,98.18175355450236
401,1046,115971.65,40.5025566,-3.2581072,110.87155831739962
20,1041,228493.49,41.29847611219981,-3.749647874255524,219.49422670509125
162,1036,510671.6,36.881245287837835,-2.0081704424710423,492.9262548262548
105,1034,219574.53,37.91736624206963,-2.9998168941972922,212.35447775628626
195,1033,117373.7,43.42874093794773,-7.36304428267183,113.62410454985479
130,1024,305961.16,42.41772006660157,0.13474425390625,298.7901953125
192,1021,688283.93,39.69540319666993,3.3508941550440743,674.1272575905975
250,1013,305414.03,39.6534687,2.4811265,301.4946001974334
266,1009,108910.56,40.1209695,-0.7702905,107.93910802775025
151,1005,373822.35,42.05305262537313,2.729505110447761,371.9625373134328
336,1000,104561.1,41.762339,-2.6272534,104.56110000000001
222,980,343588.24,42.10817256163266,2.7458049147959183,350.60024489795916
274,979,221058.25,36.51970733033708,-5.3193280651685395,225.800051072523
342,979,413045.42,39.6876334,2.5194257,421.90543411644535
155,976,268253.19,43.30255203237705,-2.2046238448770494,274.8495799180328
243,976,785252.54,39.77002349815574,3.1552168989754095,804.5620286885246
472,973,608447.6,43.37262469845838,-5.14681327954779,625.3315519013361
428,972,241863.86,38.82155649218107,-0.22560870113168727,248.8311316872428
390,962,348117.5,42.26182952661123,2.383157792931393,361.8685031185031
281,949,443941.52,43.416838856902004,-4.75748782170706,467.7992834562698
152,945,102549.75,42.54356749999999,-5.451608,108.51825396825397
297,942,411140.99,43.13355088545648,-1.6749643535031846,436.45540339702757
34,937,88234.06,36.749882505656345,-5.804225044397012,94.16655282817503
84,934,223657.81,41.95600781327623,2.631964137044968,239.4623233404711
1,931,39755.05,40.2593991,-5.9278553,42.7014500537057
481,919,317727.02,39.70529058084875,2.788904756474429,345.7312513601741
143,918,378461.09,38.78066056100218,-0.08304470664488017,412.26698257080614
173,914,239769.75,43.36252729463895,-2.572817565426696,262.3301422319475
99,911,148703.78,42.35820589758508,1.7989390375411636,163.23137211855104
207,900,110646.23,36.824452608,-4.705655780444444,122.94025555555555
280,878,504061.99,40.98869733735763,-3.6968328166287012,574.1024943052391
544,875,492044.26,39.8733536,4.1326955,562.3362971428571
88,868,355264.95,39.480454501612904,3.0979181250000005,409.2914170506913
265,867,437231.1,42.16314934982699,2.451482323183391,504.30346020761243
242,866,83554.74,36.9319589,-4.682263499999999,96.48353348729793
109,857,161884.05,40.47335289999999,-3.5768389,188.89620770128354
231,851,117527.2,42.9270278,-8.1615831,138.1048178613396
505,838,223888.87,43.324465,-3.9593869999999995,267.1704892601432
103,833,994183.64,36.65777,-4.5785279,1193.4977671068427
400,828,317249.2,36.6860905,-4.9053673,383.15120772946864
71,826,182775.75,36.1605341,-5.4450302,221.27814769975788
255,813,74938.5,41.83218219999999,-1.4615955,92.17527675276753
116,808,96961.1,40.5884,-5.597549999999999,120.00136138613863
107,800,331002.1,42.608213805,-2.86762254225,413.75262499999997
302,799,361508.01,39.93328478135169,4.137861362202753,452.4505757196496
44,793,164351.33,37.0926386,-4.3960689,207.25262295081964
212,774,1282595.57,39.56164342222222,2.624845592118863,1657.100219638243
286,771,109710.9,43.3847985,-4.2893237,142.29688715953307
82,770,242722.4,43.26432850753247,-2.934051244155844,315.2238961038961
138,770,108631.8,43.3084314,-8.8738525,141.08025974025975
344,762,204372.09,41.75806213307087,2.208530918110236,268.20484251968503
215,762,132390.7,37.69296701062992,-2.0969699644356954,173.74107611548558
40,762,88629.81,38.99665645866142,-3.383703403937008,116.31208661417323
214,760,216024.6,39.8119963,4.2800747,284.2428947368421
350,758,119980.03,35.8893874,-5.3213455,158.285
355,747,312331.31,27.74534717643909,-18.014519059973228,418.114203480589
189,742,411690.0,39.64616569609164,3.0109319762803235,554.8382749326146
127,740,325507.98,41.58207638297298,1.7853106691891891,439.8756486486486
270,734,102143.85,40.1106963,-5.7772899,139.16055858310628
137,732,146421.82,42.212026639890716,-2.2355245852459014,200.0298087431694
304,730,126798.73,36.774456468493156,-4.10025127849315,173.6968904109589
464,729,71078.1,37.60206801069959,-0.9849436735253773,97.5008230452675
200,728,161434.28,38.914018784615386,-6.360236451510989,221.7503846153846
253,727,187840.34,42.14113329353508,2.578064258872077,258.3773590096286
363,718,218700.19,42.7531429,-0.5149741999999999,304.596364902507
8,711,773662.89,36.36005187609002,-5.214430010126582,1088.1334599156119
411,709,275534.44,43.1934282,-2.610387,388.6240338504937
6,704,161837.45,43.2035983,-2.5180686,229.88274147727273
530,702,387433.69,42.01940325341881,3.110603453276353,551.8998433048433
399,698,133219.58,42.445182,1.7880287000000001,190.85899713467046
451,690,96234.16,40.1776614,-5.8299923,139.46979710144927
361,662,91460.2,37.0183229,-4.5579899,138.15740181268882
303,661,233187.03,41.69131581497731,2.449096668229955,352.77916792738273
249,661,150985.5,43.1925176,-3.1975903,228.41981845688352
188,660,154317.76,42.54962043863636,-6.600722640909092,233.81478787878788
176,659,164691.66,28.96063636828528,-13.59004967875569,249.91147192716238
429,659,276343.72,28.0039076,-15.5534411,419.33796661608494
41,655,109726.41,42.8736767,-7.907957399999999,167.52123664122138
287,646,268580.78,41.60180852786378,1.5136828854489164,415.75972136222913
238,645,170200.01,28.32358036899225,-16.418390077674417,263.87598449612403
374,642,205773.69,27.84120476884735,-15.449640878037382,320.5197663551402
493,642,98301.89,43.55956228426791,-6.1482373783489095,153.11820872274143
351,642,579906.31,28.922207577725853,-13.665236967133955,903.2808566978194
74,633,93977.03,42.69383123017377,-2.0486954423380728,148.46292259083728
519,629,226474.36,40.72071841573927,0.7177844701112877,360.054626391097
440,624,114609.48,42.124603,0.713483,183.66903846153846
213,621,445547.84,39.6564158,2.94944,717.4683413848632
455,618,99079.24,38.8689083,-1.0953112,160.3223948220065
144,617,284852.31,43.0097049,-4.2807745,461.67311183144244
260,612,115548.4,42.5598094,-1.8470936,188.80457516339868
93,610,90438.63,40.9748992,0.5167693,148.26004918032788
183,609,468611.02,39.666002983087026,3.1018314390804598,769.476223316913
385,609,175515.19,36.1944171,-5.8881542,288.2022824302135
343,606,96391.5,37.8379331,-5.763359899999999,159.0618811881188
524,601,170015.0,36.7859161,-3.8044831,282.8868552412646
398,601,414968.14,39.3295324,3.1669649,690.4627953410982
146,598,149381.45,42.29096870217391,3.2791378951505017,249.80175585284283
239,595,57460.4,42.48309,-3.38439,96.57210084033613
123,593,132356.59,43.1076953010118,-4.724321894940978,223.19829679595279
325,592,180353.86,39.9836793,4.0108453,304.6517905405405
377,591,53466.1,41.5626336,0.5270192,90.46717428087986
450,587,146538.62,37.1786953,-6.958135599999999,249.63989778534923
112,585,153339.11,28.6654698617094,-17.77918178239316,262.1181367521367
56,583,443096.47000000003,28.214972536363636,-16.83269964871355,760.0282504288165
245,581,157128.77,41.13156284888124,-3.8097754461273663,270.44538726333906
234,580,118376.18000000001,40.8996758,-3.8738225,204.09686206896552
499,559,123015.32,42.1884527,0.3360498,220.06318425760287
380,556,64600.1,41.901542,-8.869346,116.18723021582734
136,555,52353.67,37.4657866,-3.9223105,94.33093693693694
221,546,107088.43000000001,39.3728796,-2.5621676,196.1326556776557
218,545,507364.52999999997,41.967085457431196,3.1812631996330274,930.9440917431192
191,537,75776.4,41.7817973,3.0315492,141.11061452513965
31,534,120853.96,41.53990335524344,2.001653705243446,226.31827715355806
461,532,445908.35,42.21400297048872,2.6935643327067673,838.1735902255639
70,527,78316.93,41.2982827,-1.8945328,148.6089753320683
422,522,50319.63,38.9870309,-0.5210642,96.39775862068964
528,516,153947.34,42.52225692616279,-2.8620288410852717,298.3475581395349
349,512,108414.25,40.210038201171876,-5.089864796875,211.74658203125
454,506,431382.39,40.00275462786561,3.836546425889328,852.5343675889328
357,505,139678.12,40.40653827069307,-4.4505682665346535,276.59033663366336
392,505,140898.24,39.65575144316831,-0.8923752051485149,279.00641584158416
65,505,243041.02,41.6321906,-3.0522403,481.26934653465344
387,502,33006.71,42.5385521,-6.522246399999999,65.75041832669322
366,502,122560.75,40.21737448964145,-6.8515401113545815,244.1449203187251
307,500,252322.92,39.0330942732,1.5649439602,504.64584
141,499,101508.51,41.33414,1.17737,203.42386773547094
417,498,161774.24,38.9603749,-2.7464059,324.84787148594376
512,489,132892.64,42.47053874969325,0.5990182934560327,271.76408997955014
315,482,110118.31,41.32079805435685,0.8764803784232365,228.46122406639003
322,480,283250.24,36.27783623375,-6.092911579375,590.1046666666666
210,475,417928.01,36.62150770821052,-6.361833798736842,879.8484421052632
430,473,54139.229999999996,41.8531829,0.9562191,114.45926004228329
550,472,55638.9,42.1013344,-5.029075499999999,117.87902542372882
308,470,90602.41,43.27746570000001,-2.3081059000000006,192.771085106383
140,469,329910.44,39.621830505970145,2.7489585119402986,703.4337739872068
569,467,88469.47,41.885771,2.8385345,189.4421199143469
437,467,721079.0,39.55472656231263,3.317087026766595,1544.066381156317
431,463,279976.74,36.75221359200864,-2.1101824958963284,604.7013822894169
298,462,285353.9,27.9838777,-15.7796347,617.6491341991342
526,460,123159.03,41.3748847,1.0728129,267.73702173913045
420,459,138902.03,36.9377887,-3.2945214,302.6188017429194
316,457,135233.55,43.2748705,-8.3717272,295.9158643326039
261,453,656613.57,38.6964006,1.4531355,1449.4780794701985
396,439,157937.79,42.01899926355353,2.9496488371298404,359.7671753986333
477,438,64107.77,41.4009014,-4.313352,146.3647716894977
106,437,77876.68,40.4157966,-4.201698,178.20750572082378
217,435,40868.1,37.6345131,-0.8089335,93.94965517241378
257,433,209604.55,39.836750099999996,-0.269792,484.0751732101616
271,432,48304.0,40.49267760000001,-6.051705500000001,111.81481481481481
444,426,40099.25,43.2570793,-4.6679637,94.12969483568075
324,424,36201.82,37.718768,-1.3722455,85.38165094339622
514,417,167351.12,40.516669272661865,-3.887337323261391,401.3216306954436
498,411,112819.08,41.8491508,2.390097,274.49897810218977
482,409,80285.12,42.33045801760391,2.3139158325183375,196.2961369193154
167,403,148637.82,39.71051200744416,2.6237310496277915,368.8283374689826
166,403,57621.75,36.99195738287841,-3.571912222332506,142.98200992555832
209,401,45840.17,41.2752498,1.5482368,114.31463840399002
115,400,133969.25,43.38593059999998,-4.2115526,334.923125
457,400,39940.75,42.606041519,-6.8103323845,99.851875
445,399,372487.38,41.40061747969925,1.6015686067669173,933.5523308270676
288,399,130334.96,42.3437928679198,2.4324109303258146,326.6540350877193
570,398,159862.9,43.32347088241206,-4.882804237939698,401.6655778894472
566,395,122692.12,42.133756017215184,-6.68786037443038,310.61296202531645
110,393,79107.69,43.36396805648855,-1.7999436473282444,201.2918320610687
235,393,105750.99,41.58390176008298,1.922138260482698,269.0864885496183
427,393,73295.56999999999,28.7565635,-17.9759738,186.50272264631042
258,391,256369.85,29.100876236828647,-13.62354674680307,655.6773657289003
43,388,108563.45,36.96156510128866,-3.3584933103092793,279.802706185567
354,388,117704.38,39.84961077319588,-6.0295667814432985,303.36180412371135
547,385,381507.57,28.906848024675323,-13.81860944051948,990.9287532467532
223,384,96748.74,42.25081817708333,2.9199752518229167,251.94984375
371,383,118527.44,37.91012788694517,-6.654255879373368,309.4711227154047
329,382,120307.08,40.338862312565446,-1.1057757667539265,314.94
408,379,46117.39,40.3035107,-4.5548484,121.68176781002639
607,377,128736.77,38.7247323,-0.1941214,341.47684350132624
170,376,67130.22,41.9142008,1.5744469000000003,178.53781914893617
522,376,50267.52,37.233445,-5.0982461,133.69021276595743
412,373,230847.58,28.0502346,-14.351574700000002,618.8943163538873
373,372,153087.12,41.4179244,1.7119185,411.52451612903224
205,370,55683.5,37.7785702,-5.388730499999999,150.49594594594595
598,370,58873.02,42.6905145,-2.95158,159.11627027027026
376,368,54625.1,38.9860697,-5.254957,148.43777173913043
172,368,95548.16,43.32736008179348,-5.025973802173913,259.6417391304348
156,366,97469.0,43.3208102,-2.6939741,266.3087431693989
532,366,85398.0,42.8157125,-5.3061542,233.327868852459
73,366,44325.73,37.29761049562841,-3.1350167480874314,121.10855191256832
491,362,283382.02,43.57364448508286,-5.962659248618784,782.8232596685083
251,362,56559.8,36.791812,-5.5548798,156.2425414364641
269,361,138693.24,38.6253941,-0.5763921822714682,384.1918005540166
386,360,77734.45,42.3144184,3.1146599,215.92902777777778
419,354,139123.88999999998,42.4502867,1.1032314,393.0053389830508
442,353,196071.32,41.01562645665722,0.18861563342776205,555.4428328611898
473,353,82215.05,36.760145960056654,-5.370721855807365,232.90382436260623
160,351,53440.91,36.6147003,-5.3422062,152.25330484330485
148,349,50409.65,37.896360191977074,-6.563264851289399,144.44025787965617
410,349,63435.37,41.4665027,-2.8625227,181.76323782234957
446,348,510889.01,39.9292298,3.8241513000000005,1468.071867816092
402,347,36086.81,28.0286051,-17.1971265,103.99657060518732
601,346,24288.0,40.3023521,0.22592810000000002,70.19653179190752
118,346,96112.35,39.1903656,-0.43545620000000007,277.7813583815029
352,343,59880.29,41.1598906,-0.4700518,174.57810495626822
537,342,70667.23,41.0861351,-3.0036166999999994,206.62932748538012
273,339,91408.55,42.0454467,-7.876922,269.64174041297935
416,337,92198.5,37.8066178,-2.5295229,273.5860534124629
311,336,65035.159999999996,41.6612306,1.3963822,193.5570238095238
313,333,29898.2,42.1931686,-4.2939061,89.78438438438438
388,333,161241.36,43.15219579039039,-1.5239415912912913,484.20828828828826
277,329,213909.02,28.685966114589664,-14.005670716717326,650.1793920972644
323,328,56547.18,43.4579763,-3.4971574000000003,172.39993902439025
405,328,55055.97,37.93219694115854,-5.759321260060976,167.85356707317072
486,326,913909.7,39.8314513,4.2089305,2803.403987730061
435,325,151623.43,36.6933933,-2.7815208,466.53363076923074
663,323,129320.34,40.2301704,-2.0966399,400.3725696594427
487,323,238653.07,39.40246096904025,3.2530269049535603,738.8639938080496
465,322,128379.91,38.5934127,-0.6725355,398.69537267080744
583,321,131474.38,40.41045747383178,-1.4312738523364485,409.577507788162
367,320,96411.11,41.8782719,2.1809983,301.28471875
553,316,173836.57,42.20162698227848,2.1913830253164557,550.1157278481013
635,315,305879.83,36.406148200634924,-6.160988436825397,971.0470793650794
196,314,49886.44,42.4124028,-8.026767,158.8740127388535
397,313,209157.06,40.8123438,0.7071008999999999,668.2334185303514
539,312,28709.61,42.3055744,-7.8011085,92.01798076923077
586,311,127801.0,42.9312455,-2.8583729,410.935691318328
531,311,173944.54,28.2915637,-16.6291304,559.3072025723473
360,308,110555.37,43.5461515064935,-7.228696715584415,358.9460064935065
320,306,217095.74,41.5572622,1.6040588,709.463202614379
609,304,18781.62,42.698692025,-8.246680692105263,61.781644736842104
341,304,223170.78,39.539154511184215,2.4208880710526315,734.1144078947368
443,302,34059.6,42.6229753,-7.485517500000001,112.78013245033112
134,301,46662.76,43.5215174,-5.7931462,155.02578073089703
175,297,323838.65,39.902630701010104,3.080305205050505,1090.365824915825
470,297,162060.5,43.0238172,-2.3336801,545.6582491582492
98,297,153237.64,42.3650964,3.1632996,515.9516498316499
460,296,25490.1,42.4301089,-2.5625091,86.1152027027027
94,293,60139.09,37.85470019863481,-5.592948377474402,205.25286689419795
375,292,112677.05,41.5887316,2.5819048,385.8803082191781
425,292,225836.38,41.53145375890411,1.6839551520547944,773.4122602739726
370,291,211504.93,38.97452797147767,-2.8830969030927838,726.8210652920963
452,290,54996.5,43.1709211,-1.8643623,189.64310344827587
504,290,20282.11,27.9091467,-15.3886731,69.93831034482758
381,290,102987.51,42.910559,-1.2167698,355.1293448275862
632,289,98211.76,42.17570974809689,-1.5966276456747406,339.8330795847751
453,289,96060.85,43.37804380000001,-8.2691836,332.39048442906574
364,284,162999.0,41.8092397,2.4810843,573.9401408450705
604,282,232189.96,39.7099203,3.4560273,823.3686524822695
306,281,45226.45,38.8692022,-6.9559158,160.9482206405694
421,281,76946.83,42.133386,1.9939834,273.8321352313167
292,281,70942.52,42.238206092882564,1.7106888117437722,252.46448398576513
403,280,171729.93,37.3123307,-1.7046994,613.3211785714285
331,279,59090.48,38.1560955032258,-3.0324548473118282,211.79383512544803
36,277,67992.85,42.227154,-2.0982904,245.46155234657041
462,277,99007.03,41.58383013537906,-3.0576694411552348,357.4261010830325
611,275,81145.14,41.20209514,1.29852566,295.07323636363634
365,275,51614.48,41.1144048,-1.4144344,187.6890181818182
503,275,80957.01,41.377077604363635,0.9367708218181819,294.38912727272725
104,274,56904.34,42.0562143,-6.3898721,207.68007299270073
502,274,64449.75,42.71499378978102,-0.31541455401459856,235.21806569343065
394,274,57123.5,42.8963625,-2.5179558,208.47992700729927
459,271,92788.3,39.0578121,-1.058866,342.3922509225092
533,266,151888.0,38.0896657,-5.8166961,571.0075187969925
404,266,37758.65,41.75583450000001,-3.9975302,141.94981203007518
592,266,62284.89,40.1758962,-0.1401381,234.15372180451126
312,265,84532.64,42.24034055245283,-8.71036171962264,318.99109433962263
296,263,118588.88,43.531367406083646,-5.661137420532319,450.90828897338406
483,262,48065.24,37.132402171374046,-3.5394796370229007,183.4551145038168
494,261,28009.29,39.7162245,-6.2809173,107.31528735632185
157,260,66607.81,43.4352905,-5.352761099999999,256.1838846153846
161,260,43388.68,42.7976958,-4.978339,166.87953846153846
202,257,158779.49,43.258999164591444,-2.1094033961089496,617.819027237354
310,256,179252.01,41.479439183593755,2.03264130703125,700.2031640625
300,255,344814.64,36.19096707019607,-6.026075958431373,1352.214274509804
389,255,62858.82,42.787258537647055,-8.382913176470588,246.50517647058822
263,254,31446.5,42.8832193,-4.3152759,123.80511811023622
346,254,74820.88,37.21086863503937,-7.407768496062992,294.5703937007874
557,252,62005.31,37.9957086,-3.4700031,246.05281746031744
16,250,195858.19,42.120560067999996,3.134451608,783.43276
254,247,42562.32,41.8961224,-1.7705514,172.31708502024293
631,246,190050.71,36.74736327886179,-6.415785121951219,772.5638617886178
574,245,83592.82,43.35845357795918,-3.744039150612244,341.19518367346944
573,245,110001.8,38.035957,-1.670351,448.9869387755102
517,243,133124.93,-19.1834229,-40.3088626,547.8392181069959
588,242,72398.54,38.67581403760331,-0.2000518214876033,299.16752066115697
149,240,83310.23,41.789354093750006,0.8065972458333334,347.1259583333333
135,235,235130.22,37.544270600000004,-4.727752799999999,1000.5541276595744
563,232,29293.59,40.1552893,0.0444625,126.26547413793104
391,232,51172.23,39.6042201,-5.1430032,220.56995689655173
718,231,30799.53,42.9374628,-6.316241799999999,133.3312987012987
500,228,154274.23,39.41721680000001,-3.7119392,676.6413596491228
448,227,57297.8,42.329202,-2.6611814,252.41321585903086
577,226,34601.23,36.878844699999995,-4.846604899999999,153.1027876106195
468,224,38939.49,41.0519018,-5.6946772,173.8370089285714
295,222,67959.52,42.77705220000001,-9.064041,306.123963963964
538,217,28025.42,40.1721027,-1.2220113000000001,129.14940092165898
321,210,77052.8,42.23836,1.24796,366.91809523809525
699,209,86966.07,29.2343323,-13.4977677,416.1055980861244
520,209,77044.93,43.1003841,-6.042119100000001,368.63602870813395
651,207,134557.4,39.87646567584541,3.0160684101449275,650.0357487922705
395,207,70153.23,40.2398926,-4.603077799999999,338.9044927536232
347,206,241783.18,39.5420899,2.7712076,1173.7047572815534
541,206,55658.15,39.8484746,-3.0016041,270.18519417475727
332,205,35184.7,42.3492743,-7.890103099999998,171.63268292682926
133,204,31658.12,38.10229524509804,-1.8648731931372549,155.18686274509804
572,204,184912.22,28.6494322995098,-17.888270442156863,906.4324509803922
301,204,101252.54,43.66274848529412,-7.595280632352941,496.33598039215684
540,203,28402.35,43.29910340000001,-1.8606817,139.9130541871921
30,202,87234.98,42.96767564950495,-8.599393512871286,431.8563366336633
545,202,73836.52,37.4862228,-2.7769904000000003,365.52732673267326
174,201,172088.97,28.999362359701493,-13.492038333830846,856.1640298507463
578,200,42742.0,43.4818874,-5.2273103,213.71
552,199,84094.77,36.911403698994974,-2.067010460301508,422.586783919598
449,198,168273.18,41.3182513,-6.393133799999999,849.8645454545455
562,197,74411.45,43.378379300000006,-5.2988159,377.7230964467005
490,197,90344.38,40.8715989,0.794352,458.60091370558376
340,196,59612.64,42.562000802551026,-2.7576331474489795,304.1461224489796
507,195,18689.4,36.7529824,-3.1450218,95.84307692307694
142,194,75044.68,36.743332002061855,-3.5869908407216498,386.82824742268036
686,192,863685.46,38.924737878125,1.2942309359375,4498.361770833333
511,191,11665.6,38.5080052,-3.4954696,61.07643979057592
368,191,131354.86,43.182458499999996,-3.5683,687.721780104712
177,190,34530.01,39.453067080000004,-5.32447598,181.73689473684212
529,189,86667.5,27.805091377777778,-17.8939452026455,458.55820105820106
602,187,31668.53,40.7349006,0.3733105,169.35042780748662
240,183,150190.91,37.8326188,-0.7894291000000001,820.7153551912569
393,182,102948.07,42.268664,-8.7722673,565.6487362637363
630,182,30596.559999999998,42.03945351318681,2.40255147032967,168.11296703296702
627,182,223316.13999999998,36.064484034065934,-5.529178329670329,1227.0117582417581
328,182,85059.96,42.633225991758245,1.11102020989011,467.3624175824176
256,181,59068.61,43.2143141,-2.377491,326.3459116022099
575,181,77592.84,43.45787380939227,-5.449016937016573,428.68972375690606
655,179,47995.92,39.5999917,3.3833667,268.1336312849162
568,178,53704.07,40.96380668539326,-3.1150889876404495,301.70825842696627
600,177,29326.16,41.635783599999996,2.7118050225988704,165.6845197740113
384,176,64517.25,37.0337462,-3.0275802,366.57528409090907
458,175,22894.2,43.2825518,-8.6671494,130.824
497,175,59808.58,37.9752423,-1.2369962,341.7633142857143
279,174,53938.26,43.72618175517242,-7.684343313218391,309.99
515,172,52063.48,43.6207365,-5.8155147,302.6946511627907
197,170,67993.32,40.36528701764706,0.3996342041176471,399.96070588235295
193,167,35836.47,43.0100295,-7.558387100000001,214.5896407185629
101,167,35078.31,38.9920259,-1.8593094,210.0497604790419
523,166,111273.91,42.70224243012048,0.7947934493975903,670.3247590361447
549,164,107660.53,28.4543182,-16.4400475,656.4666463414634
199,164,38022.9,36.4558122,-5.927042200000001,231.8469512195122
119,162,67330.59,43.2583998,-7.018259800000002,415.6209259259259
291,160,14439.89,36.7230893,-5.9348897,90.2493125
696,159,46817.8,39.312600113207544,-4.908337693710692,294.45157232704406
548,157,20754.55,42.3411096,-6.807636599999999,132.19458598726115
334,156,40903.8,42.6657825,1.2890827,262.2038461538462
276,154,56448.03,42.0007934,0.7610053,366.54564935064934
506,153,28070.38,37.5428195,-4.3161884,183.46653594771243
605,153,42473.63,41.00906790130719,0.38375640588235294,277.6054248366013
619,153,24224.68,41.1204584,-4.2694214,158.33124183006535
596,153,33573.44,43.43744793267973,-4.844847407843138,219.4342483660131
272,152,49959.63,28.7596344,-17.7470438,328.6817763157895
581,152,47164.52,39.5363333,-1.4414862,310.2928947368421
259,151,61763.98,43.1046357,-5.5099027,409.03298013245035
383,151,62455.76,40.2113901,-1.079261,413.6143046357616
509,150,121188.47,42.3681587,2.8322271,807.9231333333333
689,150,13013.08,39.2875488,-6.3192065,86.75386666666667
495,148,28273.329999999998,40.6418444,0.2814452,191.0360135135135
590,146,40320.68,39.4077621,-3.124592,276.1690410958904
617,144,76891.85,40.3302876,-3.7662892000000006,533.9711805555556
669,143,17177.85,41.2660523,-3.4775088,120.12482517482516
327,143,84051.04,43.5562037,-6.0679607,587.7695104895105
488,140,26038.37,41.21735261857143,-6.614911002142857,185.98835714285713
409,139,12867.67,39.0647801,-3.6106611,92.5731654676259
560,139,58955.19,42.174,1.31522,424.13805755395686
246,138,22530.0,43.4770227,-3.5684625,163.2608695652174
476,137,367999.4,52.53437479999999,-1.3460687,2686.12700729927
710,137,20994.57,41.9127225,1.6797264,153.24503649635037
516,135,28176.9,41.1353718,-2.6039274,208.7177777777778
407,133,22956.78,38.4487336,-2.046997,172.60736842105263
637,133,31812.33,35.2909619,-2.9430978,239.19045112781956
378,132,95533.4,43.2142057,-8.722738099999999,723.7378787878788
47,132,75735.97,43.341767505303025,-4.570597869696969,573.7573484848485
463,128,38786.95,40.6181926390625,-0.10116564296875,303.023046875
474,127,28933.39,37.3951558,-2.9824763,227.821968503937
46,126,27987.21,43.740925,-7.8699718,222.12071428571429
629,126,29727.93,40.6920852,-2.9808542,235.9359523809524
484,124,21320.0,38.1727885,-6.654604,171.93548387096774
716,123,6961.23,40.8600344,-3.6971788,56.595365853658535
606,123,40822.13,38.95904489999999,-1.2301597,331.8872357723577
587,121,77507.6,-39.8173788,-73.24253329999999,640.5586776859504
593,121,44695.08,28.0633564,-17.2378262,369.380826446281
608,118,50960.17,37.6204226,-2.6977394,431.8658474576271
554,118,56639.5,42.98811510593221,-2.6310317000000003,479.9957627118644
641,117,35693.24,37.1014894,-3.4029417,305.07042735042734
362,116,52872.68,41.208828186206894,0.8110715172413793,455.79896551724136
599,116,57832.69,41.97364863879311,3.0037338,498.5576724137931
208,115,27243.69,28.6300698,-13.9038341,236.90165217391302
434,115,67411.42,38.3420437,-3.5395043000000004,586.1862608695652
252,115,59677.72,37.5509665,-2.9116236,518.936695652174
620,115,287060.45,28.1366976,-15.5366307,2496.1778260869564
330,114,108950.51,39.4907277,3.232084,955.7062280701754
525,113,39932.9,41.6881226,1.2060816,353.38849557522127
582,113,28797.32,42.2759526,-3.9001599000000002,254.84353982300885
433,112,40476.44,40.8416573,-1.9785003,361.3967857142857
559,112,150716.39,38.4361995,-0.5416702,1345.6820535714287
436,111,83701.39,42.1961627,-2.6969785,754.0665765765766
536,111,39772.14,41.851020999999996,2.9074836,358.30756756756756
551,110,133456.75,42.2303509,2.8200093,1213.2431818181817
317,109,15115.46,38.096794499999994,-1.7955238,138.67394495412844
580,109,134507.09,36.73273561559633,-5.246318765137614,1234.01
706,109,77415.5,37.21765499174312,-7.124140240366972,710.2339449541284
715,107,30487.260000000002,42.099957160747664,0.0240550523364486,284.9276635514019
492,107,25484.25,39.379942,-5.3874929,238.17056074766356
579,105,18745.0,41.3490005,-2.8916039,178.52380952380952
614,104,34973.4,41.148366300000006,0.7942774000000001,336.28269230769234
595,103,59886.14,38.401059551456314,-0.4216144281553398,581.4188349514563
621,103,60364.14,38.98643804368932,-0.16763079223300972,586.0596116504854
305,103,64088.45,38.1906153,-0.5542154,622.2179611650486
237,98,26322.8,42.2028594,-0.2086529,268.59999999999997
688,97,60053.56,36.74104171958764,-2.615538201030928,619.1088659793814
456,96,12929.19,40.5950801,-6.8284424,134.67906250000001
616,95,38380.96,38.3643921,-2.3252217,404.01010526315787
623,95,13018.75,41.8620692,2.6628888,137.03947368421052
667,94,40292.28,40.3655569,-5.739957200000001,428.64127659574467
501,94,76326.15,38.693497712765954,-0.3762046787234043,811.9803191489361
567,94,49307.75,38.9116074,-3.8328779,524.5505319148937
282,93,11399.79,39.2856469,-2.8007419999999996,122.57838709677421
561,92,41001.0,42.2038547,-8.4521286,445.6630434782609
220,90,182761.75,36.9183986,-4.131866,2030.6861111111111
666,89,178402.96,41.262476,1.1709847,2004.5276404494382
542,88,29519.08,36.9168032,-3.4817245,335.4440909090909
571,88,70619.39,42.3701099,0.8109499,802.4930681818182
745,87,12450.0,40.2971272,-1.5036394,143.10344827586206
268,87,17563.4,42.2695933,-7.842659899999999,201.87816091954025
535,86,25820.05,42.4509373627907,-6.020493597674419,300.2331395348837
704,86,31460.29,40.08928170000001,-6.347357,365.8173255813954
700,85,66662.77,36.2104615,-5.384431699999999,784.2678823529412
309,84,16074.87,37.7951289,-2.779051,191.3675
702,84,17056.48,42.3822615,0.9648932,203.05333333333334
643,84,47694.98,40.73910643333333,0.6037031845238094,567.797380952381
348,84,23714.74,42.59555599999999,-7.180939,282.3183333333333
424,84,25882.03,43.4162888,-5.7891762,308.1194047619048
624,83,34611.93,43.2528438,-5.574372400000001,417.0112048192771
642,83,10669.5,40.01803049999999,-5.8690196,128.54819277108433
727,83,45070.43,28.359971181927712,-16.74217732048193,543.0172289156626
674,82,18186.98,38.637815,-0.8627321999999998,221.79243902439023
426,81,27999.12,42.5670358,-0.5450790999999999,345.66814814814813
721,81,64852.07,43.50318717407407,-8.31680672962963,800.6428395061729
679,81,56876.79,41.73731140740741,1.2445250185185186,702.1825925925926
654,80,108322.48,42.2406997,2.284805,1354.031
585,79,27970.19,40.12464180886076,-5.93055608227848,354.05303797468355
353,79,13375.0,37.5795375,-1.2393174,169.30379746835442
558,79,41112.2,42.24694632151899,0.9885170455696201,520.4075949367088
656,79,16451.15,42.8236391,-3.2287677,208.24240506329116
438,79,56070.75,42.3721803,-2.8887711,709.756329113924
471,78,69247.31,43.273430598717944,-4.2391310269230775,887.7860256410256
665,78,18367.0,40.4587673,-1.5970716,235.47435897435898
414,76,36039.73,43.1618655,-6.096386799999999,474.2069736842106
439,76,17689.3,38.13333,-2.78333,232.75394736842105
358,76,54794.67,40.4370202,-3.9970517,720.9825
603,74,19035.77,43.3655355,-2.5024552,257.2401351351351
485,74,36479.29,42.8930827,-4.965179399999999,492.96337837837837
489,74,14781.699999999999,41.7401991,2.2707525,199.7527027027027
626,73,9941.4,39.1199685,-0.7407134,136.18356164383562
693,73,58948.57,40.1273126,-5.6583395,807.5146575342466
615,73,77813.16,39.31648446575342,2.995192205479452,1065.933698630137
690,73,25301.04,37.18913331780822,-4.323887806849315,346.5895890410959
634,73,15649.6,41.6474628,2.5102286,214.37808219178083
687,72,10626.4,41.1364068,-3.0720206,147.58888888888887
681,71,7270.25,38.34879,-2.7374,102.39788732394366
698,70,33895.0,42.495852,1.2100295,484.2142857142857
638,70,20665.72,42.16579029285714,1.5775493999999999,295.22457142857144
335,70,37835.26,36.6642255,-4.7571873,540.5037142857143
379,69,10401.18,41.7577965,2.3999923,150.74173913043478
594,69,8399.4,40.4765244,-4.6416281,121.7304347826087
622,69,29781.75,40.62521,-2.72684,431.6195652173913
513,67,30569.98,42.5175097,-7.6139633,456.2683582089552
510,66,18804.57,42.6630979,-6.4184353,284.9177272727273
646,66,24617.739999999998,36.8398028,-2.4656915,372.99606060606055
657,66,52403.24,43.5059968,-6.259803799999999,793.9884848484849
726,66,66791.97,40.161692918181814,-3.3669920045454544,1011.9995454545455
701,65,33069.92,42.2312207,2.0737566,508.768
591,65,32320.79,43.5355374,-6.5315778,497.2429230769231
518,65,23023.05,36.7479022,-3.0163202,354.2007692307692
546,62,36100.5,42.766667,-0.25,582.266129032258
662,62,20347.02,43.0414954,-4.8520996,328.1777419354839
59,62,13153.72,41.6595676,-0.9894331000000001,212.1567741935484
153,61,14560.08,41.9470859,-2.4678134,238.68983606557376
555,61,10897.0,39.9152105,-0.5716112,178.63934426229508
653,60,78806.39,41.8353235,1.0928991,1313.4398333333334
640,59,113597.53,42.0266406,1.3129622,1925.3818644067796
720,59,22362.67,40.4118501,-4.707052399999999,379.02830508474574
692,58,29733.670000000002,39.22527812413793,-6.151735082758621,512.6494827586207
466,58,23983.38,37.77639707586207,-1.608985818965517,413.5065517241379
203,58,67423.91,39.4840108,-0.7532808999999999,1162.4812068965518
418,58,56314.8,42.805066,-1.1283683,970.944827586207
496,57,24692.75,42.9151098,-9.1554746,433.2061403508772
480,57,22768.33,41.2250686,1.2177837,399.4443859649123
645,55,6575.51,37.5422898,-5.0844952999999995,119.55472727272728
673,55,20183.85,43.263818,-5.1541215,366.97909090909087
678,55,19368.19,38.4131743,-3.3560642,352.14890909090906
731,54,19812.1,39.89110382222222,-0.08608565740740742,366.89074074074074
676,54,13463.0,41.4599264,-3.7796096,249.3148148148148
652,53,24452.54,42.90690532452829,-7.238516818867924,461.36867924528303
697,53,47373.83,37.6289071,-5.6877477,893.8458490566038
707,53,17922.35,41.252433200000006,-1.7053323,338.15754716981127
534,53,26200.07,41.0768356,0.4755432,494.3409433962264
712,52,68890.51,36.2436776,-5.3121088,1324.8174999999999
719,52,30937.4,40.2181624,-0.4114674,594.95
413,52,5248.0,39.2005823,-1.350678,100.92307692307692
610,51,17546.88,42.63056617254902,-0.3262615058823529,344.0564705882353
290,51,9956.38,37.749873649019605,-0.8470321549019607,195.22313725490196
709,50,18410.02,39.00651296999999,-5.533031916,368.2004
684,49,23198.09,36.4327871,-5.452074,473.4304081632653
625,49,20930.11,43.58639609999998,-7.767288499999998,427.1451020408163
703,49,24637.32,36.7855863,-4.843344699999999,502.8024489795918
521,49,64513.83,37.1341226,-4.7356151,1316.6087755102042
618,49,48298.55,42.92900920000001,-3.4882637,985.6846938775511
650,48,22295.0,37.28723922374288,-4.194901826124862,464.4791666666667
527,48,37029.1,43.5492156,-6.6882622,771.4395833333333
233,48,13497.0,42.4084111,0.7401154,281.1875
742,48,4711.5,43.3181521,-3.8810283999999995,98.15625
672,48,13118.57,36.171563,-115.1391009,273.30354166666666
741,48,30393.08,37.7030143,-2.9379104,633.1891666666667
730,47,8751.72,39.7887476,-0.8626069,186.2068085106383
747,47,14071.37,38.8322827,-3.5815989,299.3908510638298
441,47,45543.14,43.3542676,-3.5338285999999997,969.0029787234042
749,46,53456.55,36.7489747,-3.5180363,1162.0989130434784
556,46,58657.64,41.3372382,1.6519329999999999,1275.1660869565217
739,46,6678.0,39.1808864,-3.2607605,145.17391304347825
543,46,57913.04,38.028011,-4.6678627,1258.9791304347825
185,46,7423.37,41.815871,-2.4447091,161.37760869565219
659,46,19147.59,42.0624964,-4.8413696,416.25195652173915
705,46,13410.15,42.1536416,-7.9586478,291.525
639,44,5161.8,38.7047898,-3.7766735,117.31363636363636
613,44,15947.58,37.27443299999999,-5.927130099999999,362.445
713,44,24723.06,43.46347389545455,-5.058040940909091,561.8877272727273
661,43,18516.06,41.9174199,0.5467599,430.60604651162794
743,42,27862.4,37.4032069,-5.751151,663.3904761904762
691,42,39362.44,41.6385204,1.9100530000000002,937.2009523809525
337,42,15877.91,41.6075611,2.0366645,378.04547619047617
670,42,10723.95,40.7936028,-3.4613232000000003,255.33214285714288
576,41,69260.0,37.0573508,-95.7119039,1689.2682926829268
740,41,46918.76,36.8168486,-5.2988145,1144.3600000000001
744,40,18581.7,41.9286988,0.8010978,464.5425
722,40,9461.94,40.2559102,-5.6854207,236.54850000000002
695,40,23215.0,42.3233506,-3.018037,580.375
467,39,20494.75,39.2683154,-2.6015635,525.5064102564103
584,38,26022.64,40.417293,0.1739036,684.8063157894736
647,38,129355.03,39.7372339,3.3113318,3404.0797368421054
649,38,10025.45,39.4773194,-6.3716475,263.8276315789474
685,38,5587.5,42.6340305,0.21818809999999997,147.03947368421052
694,37,13660.88,42.1840731,0.9014446000000002,369.212972972973
644,37,23435.75,43.0777838,-8.8029955,633.3986486486486
677,37,19460.98,42.283745,-8.0185063,525.9724324324325
714,37,205276.04,38.4956116,-0.2653888,5548.001081081081
711,37,7104.96,41.1654984,0.47286529999999993,192.02594594594595
682,36,30993.74,43.4637518,-6.3537249,860.9372222222223
469,36,38653.28,36.75551348888889,-4.544130766666666,1073.7022222222222
633,36,25279.9,42.38483720000001,3.0473073,702.2194444444444
589,35,19221.5,37.6921724,-0.8423674,549.1857142857143
746,34,34500.79,41.95052769999999,-1.6717418,1014.7291176470588
736,34,3335.91,37.0302978,-4.3368062,98.115
737,33,16797.0,28.5875243,-17.9105308,509.0
55,33,9911.5,41.5255529,2.2261208,300.3484848484849
671,33,39565.88,42.0192833,2.2342746,1198.9660606060606
475,33,35197.1,40.5400487,-4.5758029,1066.5787878787878
668,33,17159.98,42.65833749999999,-0.5880711,519.9993939393939
372,32,21227.74,42.5201,0.84688,663.366875
628,32,52265.229999999996,42.3855058,2.7448396,1633.2884374999999
664,31,9626.95,28.3587436,-14.053676,310.5467741935484
660,31,10268.75,40.2750764,-5.85762,331.25
423,31,23863.739999999998,39.38948740000001,-5.0034781,769.798064516129
648,31,43732.63,38.456856699999996,-0.3463287,1410.73
735,31,6169.0,42.581258,-5.826351600000001,199.0
733,30,8250.0,37.948978,-2.9220386,275.0
597,30,8777.0,39.6893562,-5.097107500000001,292.56666666666666
725,30,21179.32,39.4281229,-3.459045,705.9773333333334
508,30,8982.0,40.8437595,-1.8901168,299.4
732,29,6135.6900000000005,37.836949999999995,-6.44746,211.57551724137932
564,29,38368.63,43.221352,-3.824054899999999,1323.0562068965517
658,29,9576.84,42.8669132,-6.8504665,330.2358620689655
724,29,1798.0,42.371987,-5.0296718,62.0
717,29,12478.9,42.58771,0.34537,430.30689655172415
748,28,16420.03,31.3085039,-86.48329129999999,586.4296428571428
565,28,55251.59,41.3170374,1.7545164,1973.2710714285713
478,28,8724.48,40.9263927,-3.8219036,311.5885714285714
751,27,4625.0,38.9418161,-3.239138,171.2962962962963
723,27,6368.85,38.4008677,-2.3646114,235.88333333333335
738,27,47184.82,28.0552071,-15.560097133333333,1747.585925925926
636,26,21663.96,43.57655620000001,-6.247717,833.2292307692308
675,26,29586.08,40.5654154,-3.0649441,1137.926153846154
708,26,20167.29,41.83399598050562,-1.6753824885638315,775.6650000000001
729,26,55402.0,40.1420777,-4.6909627,2130.846153846154
683,26,1069.0,42.31572849999999,-4.5422876,41.11538461538461
734,26,2874.9,37.43485,-4.6088699,110.57307692307693
132,26,21361.36,29.0931683,-13.5161966,821.5907692307693
728,26,3593.16,40.0181269,-0.3171670999999999,138.19846153846154
612,26,8134.7,38.1828465,-2.5593727,312.8730769230769
294,25,1705.56,37.4077895,-4.487148599999999,68.2224
680,25,26427.0,40.8937147,-4.5818758,1057.08
345,25,30848.41,42.5519409,-2.2725104,1233.9364
750,25,30253.19,29.118479999999998,-13.567,1210.1276
