lat_bin,lon_bin,booking_count,total_revenue,arrival_min,arrival_max,centroid_lat,centroid_lon,avg_revenue_per_booking
40.4,-3.8,29430,7800697.36,2023-01-01,2025-05-24,40.449999999999996,-3.75,265.0593734284744
41.3,2.1,16281,8543295.63,2023-01-02,2025-06-24,41.349999999999994,2.15,524.740226644555
39.8,-4.1,14781,2549178.57,2023-01-01,2025-05-02,39.849999999999994,-4.05,172.46320073066775
37.3,-6.0,13961,4822523.78,2023-01-12,2025-05-09,37.349999999999994,-5.95,345.42824869278707
42.2,-8.7,12603,881296.11,2023-01-24,2025-10-27,42.25,-8.649999999999999,69.92748631278268
36.7,-4.5,12288,3447590.05,2023-01-02,2025-05-04,36.75,-4.45,280.5655965169271
40.4,-3.7,11964,2809892.39,2023-01-01,2025-12-12,40.449999999999996,-3.6500000000000004,234.8622860247409
39.4,-0.4,11868,3564612.42,2023-01-01,2025-06-03,39.449999999999996,-0.35000000000000003,300.3549393326592
42.8,-8.6,10702,1236294.85,2023-01-02,2024-12-18,42.849999999999994,-8.549999999999999,115.51998224630911
42.4,-3.0,9212,882480.54,2023-01-02,2025-09-23,42.449999999999996,-2.95,95.79684541901868
36.0,-5.7,8097,1447729.34,2023-01-01,2024-12-22,36.05,-5.65,178.79823885389652
42.9,-8.4,7513,1291071.03,2023-01-17,2025-09-18,42.949999999999996,-8.35,171.84493943830694
36.5,-4.9,5734,2278684.17,2023-01-02,2025-05-17,36.55,-4.8500000000000005,397.39870422043947
36.6,-6.2,5644,1816941.37,2023-01-02,2025-04-12,36.65,-6.15,321.92440999291284
36.7,-3.9,5615,2380428.61,2023-01-06,2025-09-01,36.75,-3.85,423.94098130008905
37.1,-3.6,5415,1267691.69,2023-01-01,2024-12-30,37.15,-3.5500000000000003,234.1074219759926
37.8,-4.8,5269,884706.77,2023-01-08,2024-12-28,37.849999999999994,-4.75,167.9079085215411
38.3,-0.5,5218,1666851.53,2023-01-01,2025-06-20,38.349999999999994,-0.45,319.4426082790341
40.9,-4.2,5099,739356.65,2023-01-01,2025-05-11,40.949999999999996,-4.15,145.00032359286135
37.9,-1.2,5099,449048.56,2023-01-01,2024-11-13,37.949999999999996,-1.15,88.06600509903903
39.4,-0.5,4953,588780.0,2023-01-25,2024-09-27,39.449999999999996,-0.45,118.87341005451242
41.6,-0.9,4718,504241.02,2023-01-01,2025-09-26,41.65,-0.85,106.87601102161933
43.4,-3.9,4687,562828.03,2023-01-02,2024-12-26,43.449999999999996,-3.85,120.08278856411351
39.8,4.2,4559,1923377.78,2023-01-19,2024-12-02,39.849999999999994,4.25,421.88589164290414
36.8,-5.2,4535,569743.9,2023-01-01,2024-12-25,36.849999999999994,-5.15,125.63261300992282
43.3,-2.0,4527,1310786.87,2023-01-01,2024-12-05,43.349999999999994,-1.95,289.5486790368898
38.8,-3.8,4473,829028.33,2023-01-01,2025-01-25,38.849999999999994,-3.75,185.34056114464565
42.7,-7.5,4456,107086.65,2023-04-01,2024-10-28,42.75,-7.45,24.03201301615799
41.6,-4.8,4452,680434.11,2023-07-13,2025-08-05,41.65,-4.75,152.83785040431266
41.4,2.1,4399,3037362.02,2023-01-16,2025-06-14,41.449999999999996,2.15,690.4664741986816
42.6,-8.7,4342,384743.0,2023-07-15,2024-12-17,42.65,-8.649999999999999,88.60962690004607
37.3,-6.1,4331,542023.32,2023-01-12,2025-08-28,37.349999999999994,-6.05,125.14969291156775
41.2,1.8,4153,1183060.49,2023-02-23,2025-05-22,41.25,1.85,284.8688875511678
37.1,-6.9,4093,1209877.04,2023-02-06,2024-09-26,37.15,-6.8500000000000005,295.59663816271683
28.0,-16.6,3896,1833261.1,2023-01-14,2025-02-10,28.05,-16.55,470.54956365503085
42.3,-8.7,3878,756411.68,2023-01-02,2025-09-26,42.349999999999994,-8.649999999999999,195.0520061887571
40.9,-5.7,3861,780376.3,2023-01-02,2024-12-27,40.949999999999996,-5.65,202.11766381766384
42.4,-8.7,3841,372955.08,2023-02-23,2025-06-17,42.449999999999996,-8.649999999999999,97.09843269981776
43.3,-8.3,3755,597960.08,2023-01-02,2024-11-16,43.349999999999994,-8.25,159.2436964047936
41.8,3.1,3681,1890624.42,2023-03-23,2025-07-22,41.849999999999994,3.15,513.61706601467
42.0,3.1,3615,1824408.06,2023-01-01,2025-09-13,42.05,3.15,504.6771950207469
43.3,-5.9,3512,723316.18,2023-01-03,2025-07-31,43.349999999999994,-5.8500000000000005,205.95563211845104
37.9,-0.7,3416,493467.71,2023-05-25,2024-10-31,37.949999999999996,-0.6499999999999999,144.45776053864168
28.4,-16.6,3407,355024.52,2023-03-10,2024-12-31,28.45,-16.55,104.20443792192545
42.7,-8.7,3330,178207.97,2023-04-28,2024-10-30,42.75,-8.649999999999999,53.515906906906906
41.7,2.9,3280,515235.06,2023-01-02,2024-10-09,41.75,2.9499999999999997,157.08385975609755
43.3,-8.5,3150,504356.14,2023-01-06,2024-11-16,43.349999999999994,-8.45,160.1130603174603
28.1,-15.5,3132,1335104.33,2023-01-04,2025-10-03,28.150000000000002,-15.45,426.2785217113666
42.5,-5.6,3128,698817.87,2023-01-02,2024-12-24,42.55,-5.55,223.40724744245523
42.2,3.1,3084,1972818.47,2023-01-02,2025-06-12,42.25,3.15,639.694704928664
43.1,-9.3,3069,310852.12,2023-02-25,2024-11-09,43.15,-9.25,101.2877549690453
42.0,-1.7,3005,374603.79,2023-01-01,2024-10-26,42.05,-1.65,124.66016306156405
41.6,1.2,2975,380740.5,2023-01-03,2024-12-29,41.65,1.25,127.98
43.3,-3.3,2926,384510.51,2023-01-19,2025-05-27,43.349999999999994,-3.25,131.41165755297334
40.8,0.1,2854,715757.98,2023-01-15,2024-12-18,40.849999999999994,0.15000000000000002,250.79116327960756
38.4,-6.5,2798,387563.56,2023-01-02,2025-06-20,38.449999999999996,-6.45,138.51449606862045
42.9,-1.6,2741,295906.5,2023-02-17,2025-08-31,42.949999999999996,-1.55,107.95567311200291
38.6,-1.2,2723,421830.88,2023-01-01,2025-05-30,38.65,-1.15,154.91402130003672
38.8,0.1,2687,1154850.14,2023-01-02,2024-12-06,38.849999999999994,0.15000000000000002,429.79164123557865
36.5,-6.3,2685,937407.65,2023-01-01,2025-02-22,36.55,-6.25,349.12761638733707
42.8,-7.7,2668,151942.0,2023-03-31,2024-10-22,42.849999999999994,-7.65,56.94977511244378
42.4,-1.3,2602,486894.09,2023-01-02,2024-10-19,42.449999999999996,-1.25,187.1230169100692
36.2,-6.0,2582,823869.58,2023-01-02,2024-11-08,36.25,-5.95,319.0819442292796
42.3,-3.8,2573,550200.96,2023-01-02,2025-01-25,42.349999999999994,-3.75,213.83636222308587
38.3,-0.8,2496,280295.49,2023-06-01,2024-10-25,38.349999999999994,-0.75,112.29787259615384
41.1,1.2,2433,522690.4,2023-01-03,2024-12-30,41.15,1.25,214.83370324702014
42.8,-1.7,2425,309170.12,2023-01-02,2025-01-04,42.849999999999994,-1.65,127.49283298969073
40.6,-3.2,2400,357863.09,2023-06-06,2025-06-13,40.65,-3.1500000000000004,149.10962083333334
39.1,-0.3,2385,975051.26,2023-03-24,2024-12-07,39.15,-0.25,408.82652410901466
42.4,-2.8,2311,165138.5,2023-02-04,2025-09-14,42.449999999999996,-2.75,71.45759411510168
41.0,1.1,2227,1083541.51,2023-01-09,2025-05-11,41.05,1.1500000000000001,486.54760215536595
37.7,-3.8,2224,259626.01,2023-07-19,2025-06-20,37.75,-3.75,116.73831384892087
37.1,-1.9,2207,371675.05,2023-03-08,2024-09-29,37.15,-1.8499999999999999,168.40736293611238
38.6,0.0,2157,516467.44,2023-01-01,2024-12-22,38.65,0.05,239.4378488641632
37.1,-3.7,2143,344815.53,2023-01-13,2024-10-14,37.15,-3.6500000000000004,160.90318712085863
40.6,-4.7,2084,403158.11,2023-01-02,2024-11-30,40.65,-4.65,193.4539875239923
41.0,1.0,2076,918950.01,2023-01-05,2024-12-28,41.05,1.05,442.6541473988439
36.4,-5.1,2053,1079319.93,2023-04-27,2025-02-08,36.449999999999996,-5.05,525.7281685338529
37.0,-6.6,2035,510846.56,2023-03-25,2024-09-20,37.05,-6.55,251.0302506142506
41.3,-0.8,2024,301068.01,2023-01-03,2024-11-01,41.349999999999994,-0.75,148.74901679841898
40.5,-3.7,1944,415197.08,2023-01-01,2024-12-21,40.55,-3.6500000000000004,213.57874485596707
36.7,-5.2,1931,398086.19,2023-01-02,2025-02-12,36.75,-5.15,206.15545831175558
42.7,-7.1,1928,130048.6,2023-04-13,2025-05-29,42.75,-7.05,67.45259336099585
38.2,-0.6,1893,305840.26,2023-01-01,2024-10-09,38.25,-0.5499999999999999,161.56379292128895
41.0,-2.7,1893,335733.11,2023-01-05,2024-12-27,41.05,-2.6500000000000004,177.3550501848917
40.0,4.1,1840,968894.73,2023-02-24,2024-10-25,40.05,4.1499999999999995,526.573222826087
43.5,-5.8,1817,429568.5,2023-02-21,2025-04-30,43.55,-5.75,236.41634562465603
36.9,-6.0,1781,183048.38,2023-01-01,2025-04-06,36.949999999999996,-5.95,102.77842784952274
39.9,-4.9,1757,158767.78,2023-01-02,2025-05-23,39.949999999999996,-4.8500000000000005,90.3629937393284
38.7,1.4,1744,867780.82,2023-04-26,2024-10-11,38.75,1.45,497.580745412844
37.1,-7.4,1732,653491.61,2023-01-04,2024-10-23,37.15,-7.3500000000000005,377.30462471131636
39.1,-0.6,1690,274703.05,2023-03-05,2024-08-09,39.15,-0.5499999999999999,162.54618343195264
28.5,-16.4,1647,319583.22,2023-01-03,2026-01-27,28.55,-16.349999999999998,194.03959927140252
39.7,-3.5,1643,233870.71,2023-04-17,2024-12-24,39.75,-3.45,142.34370663420572
42.7,-4.9,1629,334295.4,2023-01-02,2024-09-08,42.75,-4.8500000000000005,205.21510128913445
38.0,-3.4,1615,390389.82,2023-01-02,2025-01-18,38.05,-3.35,241.7274427244582
42.7,-7.3,1604,76876.35,2023-02-20,2025-09-26,42.75,-7.25,47.92789900249377
28.7,-13.9,1603,1270123.03,2023-01-07,2025-12-29,28.75,-13.85,792.3412538989395
36.5,-4.7,1596,629258.29,2023-01-03,2025-10-07,36.55,-4.65,394.27211152882205
41.9,2.8,1568,348408.46,2023-01-04,2024-12-27,41.949999999999996,2.8499999999999996,222.19927295918367
43.1,-2.5,1568,194428.2,2023-04-21,2024-10-11,43.15,-2.45,123.99757653061225
42.4,-2.5,1553,122663.61,2023-11-03,2024-11-23,42.449999999999996,-2.45,78.98493882807469
36.6,-4.7,1545,193846.73,2023-01-02,2025-02-07,36.65,-4.65,125.46713915857606
42.2,3.0,1529,433566.95,2023-01-04,2026-02-01,42.25,3.05,283.5624264224984
42.6,-5.6,1523,300383.34,2023-03-02,2024-10-01,42.65,-5.55,197.23134602757716
41.6,-4.2,1523,236233.24,2023-01-08,2024-12-02,41.65,-4.15,155.11046618516087
41.5,-5.8,1501,297115.79,2023-01-12,2025-06-12,41.55,-5.75,197.9452298467688
43.3,-3.1,1498,414852.82,2023-01-04,2024-12-21,43.349999999999994,-3.0500000000000003,276.93779706275035
39.7,-6.4,1472,55161.65,2023-01-13,2024-11-03,39.75,-6.3500000000000005,37.473947010869566
41.6,-4.7,1458,141604.05,2023-01-02,2024-12-27,41.65,-4.65,97.12211934156377
42.1,-4.5,1436,230751.04,2023-01-03,2024-10-11,42.15,-4.45,160.69013927576603
42.2,2.5,1428,265072.79,2023-02-27,2024-11-15,42.25,2.55,185.62520308123248
39.7,2.9,1411,617091.03,2023-03-02,2024-12-14,39.75,2.9499999999999997,437.3430403968817
28.0,-16.8,1407,1325803.34,2023-01-07,2026-01-20,28.05,-16.75,942.2909310589909
41.5,-1.3,1400,310417.16,2023-01-02,2024-07-05,41.55,-1.25,221.72654285714285
38.3,-0.6,1373,120782.83,2023-06-16,2024-07-30,38.349999999999994,-0.5499999999999999,87.97001456664239
41.5,2.4,1356,221947.71,2023-08-17,2025-02-19,41.55,2.4499999999999997,163.67825221238937
28.4,-16.3,1352,88798.07,2023-01-02,2025-03-07,28.45,-16.25,65.67904585798817
42.1,-8.9,1351,499810.02,2023-02-09,2024-09-12,42.15,-8.85,369.9556032568468
42.0,2.4,1349,432699.45,2023-03-01,2024-11-07,42.05,2.4499999999999997,320.75570793180134
28.3,-16.8,1347,118117.77,2023-01-02,2025-02-15,28.35,-16.75,87.68951002227172
41.6,2.7,1345,295062.16,2023-03-16,2024-12-30,41.65,2.75,219.37707063197024
41.9,2.2,1342,199681.25,2023-04-15,2025-01-20,41.949999999999996,2.25,148.7937779433681
42.6,-7.0,1332,95503.5,2023-01-07,2025-04-12,42.65,-6.95,71.69932432432432
28.4,-16.4,1331,554309.29,2023-02-08,2025-02-09,28.45,-16.349999999999998,416.46077385424496
36.6,-6.3,1330,424382.57,2023-04-28,2024-09-30,36.65,-6.25,319.08463909774434
41.4,-2.6,1330,229356.36,2023-01-02,2025-05-09,41.449999999999996,-2.5500000000000003,172.4483909774436
43.4,-8.3,1325,186506.68,2023-05-19,2024-11-10,43.449999999999996,-8.25,140.75975849056604
42.8,-7.9,1317,276395.9,2023-04-05,2025-10-14,42.849999999999994,-7.8500000000000005,209.8678056188307
38.0,-4.4,1309,289992.78,2023-01-01,2025-04-22,38.05,-4.3500000000000005,221.53764705882355
37.0,-1.9,1285,515746.23,2023-01-28,2025-01-14,37.05,-1.8499999999999999,401.35893385214007
38.7,0.0,1278,193646.6,2023-01-01,2024-10-04,38.75,0.05,151.52316118935838
37.1,-3.5,1254,250097.53,2023-01-01,2025-01-15,37.15,-3.45,199.43981658692184
42.3,1.5,1230,210441.71,2023-01-04,2024-12-30,42.349999999999994,1.55,171.09082113821137
39.9,-5.2,1229,285245.76,2023-01-04,2024-11-01,39.949999999999996,-5.15,232.09581773799837
40.4,-3.4,1229,142247.15,2023-04-03,2024-08-31,40.449999999999996,-3.35,115.74218877135883
40.0,-2.2,1227,242900.95,2023-03-10,2024-12-30,40.05,-2.1500000000000004,197.96328443357785
42.9,-8.8,1226,144812.68,2023-01-03,2024-10-31,42.949999999999996,-8.75,118.11800978792822
28.3,-13.9,1224,408693.48,2023-01-04,2025-08-01,28.35,-13.85,333.8999019607843
27.7,-15.6,1223,1482764.84,2023-01-09,2025-12-25,27.75,-15.549999999999999,1212.3997056418643
39.9,-0.1,1216,133824.47,2024-01-24,2024-12-21,39.949999999999996,-0.05,110.05301809210526
28.4,-17.9,1205,102906.24,2023-01-02,2024-12-26,28.45,-17.849999999999998,85.39936929460582
36.9,-4.8,1192,284552.25,2023-06-28,2025-05-19,36.949999999999996,-4.75,238.71833053691276
42.3,-8.9,1191,312107.08,2023-02-02,2024-10-04,42.349999999999994,-8.85,262.0546431570109
40.8,-3.7,1188,142320.2,2023-01-03,2024-11-09,40.849999999999994,-3.6500000000000004,119.79814814814816
42.6,-0.6,1178,171556.06,2023-09-14,2024-09-24,42.65,-0.5499999999999999,145.63332767402377
38.9,1.5,1174,1513749.12,2023-02-03,2025-07-14,38.949999999999996,1.55,1289.3944804088587
43.3,-4.3,1171,243680.15,2023-04-04,2024-10-26,43.349999999999994,-4.25,208.0957728437233
42.8,-7.8,1167,72614.47,2023-03-23,2024-10-29,42.849999999999994,-7.75,62.22319622964867
42.5,-6.8,1162,65179.1,2023-03-04,2024-10-09,42.55,-6.75,56.0921686746988
43.3,-6.1,1160,69792.13,2023-04-01,2024-10-10,43.349999999999994,-6.05,60.16562931034483
40.1,-5.3,1159,992172.78,2023-01-07,2025-07-21,40.15,-5.25,856.0593442622951
41.1,1.5,1142,359897.87,2023-04-06,2024-10-25,41.15,1.55,315.14699649737304
42.9,-1.1,1139,276164.46,2023-03-09,2025-06-13,42.949999999999996,-1.05,242.4622124670764
43.4,-4.0,1134,387194.09,2023-04-01,2024-10-19,43.449999999999996,-3.95,341.4409964726632
39.6,3.0,1110,631068.44,2023-01-26,2025-09-19,39.65,3.05,568.5301261261261
41.4,2.2,1108,397075.63,2023-05-29,2025-08-24,41.449999999999996,2.25,358.3715072202166
42.5,1.0,1100,297239.93,2023-02-03,2024-10-30,42.55,1.05,270.21811818181817
43.0,-3.6,1092,125355.5,2023-02-27,2024-11-01,43.05,-3.5500000000000003,114.79441391941391
41.0,-0.2,1082,163690.33,2023-11-01,2025-04-12,41.05,-0.15000000000000002,151.28496303142327
42.4,1.9,1062,361150.14,2023-01-02,2025-02-14,42.449999999999996,1.95,340.06604519774015
28.0,-16.7,1059,103837.53,2023-08-18,2025-01-16,28.05,-16.65,98.05243626062322
43.2,-2.1,1056,173011.72,2023-01-02,2024-08-21,43.25,-2.0500000000000003,163.83685606060607
40.5,-3.3,1048,116112.08,2023-01-01,2025-01-04,40.55,-3.25,110.79396946564886
41.5,2.3,1041,249534.99,2023-06-01,2024-11-04,41.55,2.3499999999999996,239.70700288184437
36.8,-2.1,1036,510671.6,2023-01-26,2024-10-17,36.849999999999994,-2.0500000000000003,492.9262548262548
43.4,-7.4,1033,117373.7,2023-01-07,2024-10-25,43.449999999999996,-7.3500000000000005,113.62410454985479
42.8,-8.7,1024,193389.19,2023-04-13,2024-12-22,42.849999999999994,-8.649999999999999,188.856630859375
39.6,3.3,1024,689237.93,2023-01-04,2025-04-03,39.65,3.3499999999999996,673.083916015625
39.6,2.4,1019,311230.04,2023-02-15,2025-09-25,39.65,2.4499999999999997,305.4269283611383
41.2,-3.8,1010,221606.49,2023-01-03,2024-12-06,41.25,-3.75,219.41236633663365
40.1,-0.8,1009,108910.56,2023-01-09,2024-12-05,40.15,-0.75,107.93910802775025
42.0,2.7,1007,374665.95,2023-01-02,2025-01-06,42.05,2.75,372.0615193644489
41.5,2.5,1002,553379.2,2023-01-03,2024-12-29,41.55,2.55,552.2746506986027
41.7,-2.7,1000,104561.1,2023-01-07,2024-10-18,41.75,-2.6500000000000004,104.56110000000001
43.3,-2.6,988,258805.52,2023-01-19,2024-10-04,43.349999999999994,-2.5500000000000003,261.9489068825911
42.1,2.7,987,350445.39,2023-01-16,2025-09-09,42.15,2.75,355.06118541033436
39.6,2.5,979,413045.42,2023-01-02,2024-12-29,39.65,2.55,421.90543411644535
36.5,-5.4,979,221058.25,2023-01-27,2024-11-09,36.55,-5.3500000000000005,225.800051072523
38.8,-0.3,972,241863.86,2023-01-03,2024-11-14,38.849999999999994,-0.25,248.8311316872428
43.3,-2.3,962,254043.88,2023-02-18,2024-11-01,43.349999999999994,-2.25,264.07887733887736
42.4,0.1,952,268121.32,2023-01-06,2024-11-23,42.449999999999996,0.15000000000000002,281.6400420168067
27.8,-15.8,950,92677.95,2023-01-02,2025-02-15,27.85,-15.75,97.55573684210526
36.6,-4.6,945,1044223.93,2023-03-06,2025-05-31,36.65,-4.55,1104.9988677248678
42.5,-5.5,945,102549.75,2023-03-26,2024-09-12,42.55,-5.45,108.51825396825397
40.2,-6.0,931,39755.05,2023-05-17,2024-09-21,40.25,-5.95,42.7014500537057
42.5,-8.8,925,103292.66,2023-06-02,2024-11-01,42.55,-8.75,111.66774054054055
38.7,-0.1,923,386218.64,2023-01-06,2025-06-14,38.75,-0.05,418.43839653304445
39.7,3.1,923,652050.28,2023-04-24,2024-10-23,39.75,3.15,706.4466738894909
39.7,2.7,922,319766.92,2023-01-10,2025-04-13,39.75,2.75,346.8187852494577
36.8,-4.8,904,111446.23,2023-01-01,2025-04-17,36.849999999999994,-4.75,123.28122787610619
43.1,-1.7,899,382232.57,2023-01-03,2024-11-08,43.15,-1.65,425.1752725250278
42.3,2.1,880,271945.97,2023-01-04,2025-01-24,42.349999999999994,2.15,309.02951136363635
36.5,-4.6,876,529196.46,2023-03-07,2025-07-22,36.55,-4.55,604.1055479452054
39.8,4.1,875,492044.26,2023-04-03,2024-07-10,39.849999999999994,4.1499999999999995,562.3362971428571
42.3,2.8,872,228386.39,2023-01-02,2025-06-07,42.349999999999994,2.8499999999999996,261.91099770642205
42.1,2.4,870,437638.25,2023-01-13,2025-03-27,42.15,2.4499999999999997,503.0324712643678
36.9,-4.7,866,83554.74,2023-01-03,2024-10-28,36.949999999999996,-4.65,96.48353348729793
37.9,-3.1,861,155483.62,2023-04-10,2024-12-28,37.949999999999996,-3.0500000000000003,180.58492450638792
40.4,-3.6,857,161884.05,2023-01-03,2024-11-14,40.449999999999996,-3.5500000000000003,188.89620770128354
38.7,0.1,856,359629.29,2023-01-06,2025-01-02,38.75,0.15000000000000002,420.1276752336448
41.7,2.2,853,229953.79,2023-01-28,2025-09-13,41.75,2.25,269.58240328253225
42.9,-8.2,851,117527.2,2023-03-29,2024-10-30,42.949999999999996,-8.149999999999999,138.1048178613396
36.7,-4.4,851,423693.81,2023-09-22,2025-04-12,36.75,-4.3500000000000005,497.87756756756755
43.3,-4.0,838,223888.87,2023-03-31,2024-08-01,43.349999999999994,-3.95,267.1704892601432
41.9,2.6,832,109550.81,2023-07-27,2024-08-23,41.949999999999996,2.65,131.67164663461537
37.6,-0.7,829,245130.09,2023-02-28,2024-11-01,37.65,-0.6499999999999999,295.69371531966226
37.0,-4.4,828,167936.72,2023-01-02,2025-01-10,37.05,-4.3500000000000005,202.82212560386475
36.6,-5.0,828,317249.2,2023-01-06,2024-04-07,36.65,-4.95,383.15120772946864
38.8,1.4,827,1038800.17,2023-04-02,2024-10-05,38.849999999999994,1.45,1256.1066142684401
36.1,-5.5,826,182775.75,2023-07-12,2024-08-23,36.15,-5.45,221.27814769975788
41.8,-1.5,813,74938.5,2023-05-29,2024-10-18,41.849999999999994,-1.45,92.17527675276753
40.5,-5.6,808,96961.1,2023-10-23,2024-11-17,40.55,-5.55,120.00136138613863
43.3,-5.2,805,547943.1,2023-01-06,2025-08-04,43.349999999999994,-5.15,680.6746583850932
42.6,-2.9,801,331003.1,2023-01-04,2024-11-06,42.65,-2.85,413.2373283395755
42.9,-8.7,799,101387.4,2024-02-23,2025-05-02,42.949999999999996,-8.649999999999999,126.89286608260325
39.9,4.1,799,361508.01,2023-03-24,2024-10-10,39.949999999999996,4.1499999999999995,452.4505757196496
36.6,-4.5,799,388046.37,2023-03-17,2024-12-27,36.65,-4.45,485.66504380475595
37.9,-0.8,796,321364.34,2023-01-05,2025-06-12,37.949999999999996,-0.75,403.72404522613067
43.4,-4.8,794,306393.01,2023-01-27,2024-10-15,43.449999999999996,-4.75,385.88540302267006
43.4,-4.1,793,303774.67,2023-01-05,2024-10-04,43.449999999999996,-4.05,383.0702017654476
36.4,-5.0,783,186505.02,2024-04-03,2024-10-17,36.449999999999996,-4.95,238.19287356321837
39.5,2.6,774,1282595.57,2023-03-08,2024-11-15,39.55,2.65,1657.100219638243
43.2,-3.0,774,242731.04,2023-05-29,2024-10-18,43.25,-2.95,313.60599483204135
43.3,-8.9,770,108631.8,2023-03-04,2024-10-14,43.349999999999994,-8.85,141.08025974025975
38.9,-3.4,765,88764.81,2023-08-02,2025-05-25,38.949999999999996,-3.35,116.03243137254901
37.6,-2.1,763,133140.7,2023-01-07,2025-03-05,37.65,-2.0500000000000003,174.49633027522938
43.1,-4.6,759,112523.95,2023-06-28,2025-04-16,43.15,-4.55,148.25289855072464
35.8,-5.4,758,119980.03,2023-05-11,2024-09-27,35.849999999999994,-5.3500000000000005,158.285
38.5,-0.2,736,545328.62,2023-01-25,2025-07-26,38.55,-0.15000000000000002,740.935625
40.1,-5.8,734,102143.85,2023-01-01,2024-10-11,40.15,-5.75,139.16055858310628
42.4,-8.9,733,1191452.46,2023-03-03,2024-10-04,42.449999999999996,-8.85,1625.4467394270123
36.5,-6.4,732,68218.05,2023-01-01,2025-02-27,36.55,-6.3500000000000005,93.19405737704919
42.2,-2.3,732,146421.82,2023-01-08,2024-11-07,42.25,-2.25,200.0298087431694
37.6,-1.0,730,71080.1,2023-01-02,2024-06-15,37.65,-0.95,97.37
36.7,-4.2,729,125547.83,2023-03-17,2024-11-27,36.75,-4.15,172.21924554183815
38.9,-6.4,728,161434.28,2023-08-21,2024-10-11,38.949999999999996,-6.3500000000000005,221.7503846153846
42.2,2.8,724,249147.38999999998,2023-02-25,2024-10-29,42.25,2.8499999999999996,344.12622928176796
42.7,-0.6,718,218700.19,2023-01-02,2023-12-30,42.75,-0.5499999999999999,304.596364902507
43.1,-2.7,709,275534.44,2023-06-01,2024-10-30,43.15,-2.6500000000000004,388.6240338504937
43.2,-2.6,704,161837.45,2023-01-26,2024-10-28,43.25,-2.5500000000000003,229.88274147727273
42.4,1.7,701,133236.86,2023-03-24,2024-12-30,42.449999999999996,1.75,190.06684736091296
37.9,-4.9,692,162196.61,2023-06-17,2024-10-25,37.949999999999996,-4.8500000000000005,234.38816473988436
40.1,-5.9,691,96235.16,2023-01-04,2024-12-21,40.15,-5.8500000000000005,139.2694066570188
28.0,-15.6,689,329445.54,2023-01-20,2025-07-11,28.05,-15.549999999999999,478.15027576197383
41.5,1.7,688,315919.33,2023-11-11,2025-06-13,41.55,1.75,459.1850726744186
36.7,-5.9,684,65008.64,2023-01-04,2025-03-18,36.75,-5.8500000000000005,95.04187134502924
27.7,-18.1,684,284889.14,2023-01-09,2025-03-22,27.75,-18.05,416.50459064327487
28.9,-13.6,683,221974.81,2023-02-19,2025-09-20,28.95,-13.549999999999999,324.99972181551976
39.4,3.0,679,291205.56,2023-01-11,2024-12-30,39.449999999999996,3.05,428.8741678939617
42.2,2.3,668,278415.14,2023-01-02,2024-12-28,42.25,2.3499999999999996,416.78913173652694
42.2,2.1,663,210288.76,2023-01-07,2025-06-20,42.25,2.15,317.17761689291103
43.1,-3.2,662,151285.5,2024-02-10,2025-04-17,43.15,-3.1500000000000004,228.52794561933536
37.0,-4.6,662,91460.2,2023-06-29,2024-09-20,37.05,-4.55,138.15740181268882
41.6,2.4,661,233187.03,2023-01-02,2024-11-09,41.65,2.4499999999999997,352.77916792738273
42.3,3.1,657,230972.09,2023-01-13,2024-11-23,42.349999999999994,3.15,351.5556925418569
42.8,-8.0,655,109726.41,2023-04-02,2024-10-22,42.849999999999994,-7.95,167.52123664122138
43.2,-2.4,651,149671.02,2023-01-11,2024-11-01,43.25,-2.35,229.90940092165897
28.9,-13.7,646,582924.85,2023-01-07,2025-02-15,28.95,-13.649999999999999,902.3604489164086
28.3,-16.5,645,170200.01,2023-01-01,2024-12-29,28.35,-16.45,263.87598449612403
27.8,-15.5,643,206361.69,2023-03-14,2025-01-23,27.85,-15.45,320.93575427682737
43.5,-6.2,642,98301.89,2023-07-17,2024-09-26,43.55,-6.15,153.11820872274143
39.5,3.3,639,755703.25,2023-01-17,2025-08-06,39.55,3.3499999999999996,1182.6341940532081
42.1,2.5,637,158847.44,2023-01-03,2024-11-08,42.15,2.55,249.3680376766091
42.1,0.7,624,114609.48,2023-01-02,2024-08-22,42.15,0.75,183.66903846153846
39.6,2.9,621,445547.84,2023-01-04,2024-12-20,39.65,2.9499999999999997,717.4683413848632
43.0,-4.3,618,285083.31,2023-07-29,2025-03-01,43.05,-4.25,461.299854368932
38.8,-1.1,618,99079.24,2023-01-07,2024-11-28,38.849999999999994,-1.05,160.3223948220065
37.4,-6.0,616,205958.49,2023-01-06,2024-12-30,37.449999999999996,-5.95,334.34819805194803
42.5,-1.9,612,115548.4,2023-01-02,2024-08-12,42.55,-1.8499999999999999,188.80457516339868
40.9,0.5,610,90438.63,2023-07-07,2024-10-20,40.949999999999996,0.55,148.26004918032788
36.1,-5.9,609,175515.19,2023-03-31,2024-09-23,36.15,-5.8500000000000005,288.2022824302135
37.8,-5.8,607,96461.5,2023-01-03,2025-03-15,37.849999999999994,-5.75,158.9151565074135
38.9,1.4,605,473494.05,2023-03-29,2024-11-28,38.949999999999996,1.45,782.6347933884298
41.5,1.6,605,455007.32,2023-01-10,2025-06-20,41.55,1.6500000000000001,752.078214876033
40.3,-3.7,603,220352.91,2023-06-30,2025-03-22,40.349999999999994,-3.6500000000000004,365.42771144278606
42.2,3.2,603,151059.13,2023-08-05,2025-08-19,42.25,3.25,250.51265339966832
39.3,3.1,601,414968.14,2023-04-06,2024-10-29,39.349999999999994,3.15,690.4627953410982
28.6,-17.8,599,167625.34,2023-01-03,2025-07-09,28.650000000000002,-17.75,279.8419699499165
42.4,-3.4,599,57464.4,2023-01-05,2024-09-06,42.449999999999996,-3.35,95.9338898163606
28.2,-16.9,594,455912.56,2023-02-24,2025-11-01,28.25,-16.849999999999998,767.5295622895623
39.9,4.0,592,180353.86,2023-01-01,2024-10-08,39.949999999999996,4.05,304.6517905405405
41.5,0.5,591,53466.1,2023-07-13,2024-07-06,41.55,0.55,90.46717428087986
37.1,-7.0,587,146538.62,2023-04-14,2024-09-11,37.15,-6.95,249.63989778534923
42.5,-6.6,586,56455.96,2023-04-05,2024-10-11,42.55,-6.55,96.34122866894198
40.8,-3.9,580,118376.18000000001,2023-01-14,2024-12-23,40.849999999999994,-3.85,204.09686206896552
36.7,-4.0,577,498310.86,2023-02-02,2025-08-19,36.75,-3.95,863.6236741767764
28.1,-16.7,576,103951.36,2023-01-01,2024-12-28,28.150000000000002,-16.65,180.4711111111111
42.5,-6.7,576,130868.51,2023-06-29,2024-09-27,42.55,-6.65,227.20227430555553
28.1,-16.8,574,822180.9,2023-05-13,2025-09-08,28.150000000000002,-16.75,1432.370905923345
43.3,-4.2,573,210049.56,2023-04-01,2024-10-05,43.349999999999994,-4.15,366.5786387434555
36.3,-5.3,562,482310.28,2023-01-18,2025-09-01,36.349999999999994,-5.25,858.2033451957296
42.1,0.3,559,123015.32,2023-01-06,2023-10-13,42.15,0.35,220.06318425760287
41.9,-8.9,556,64600.1,2023-01-05,2023-11-10,41.949999999999996,-8.85,116.18723021582734
37.4,-4.0,555,52353.67,2023-01-03,2024-11-03,37.449999999999996,-3.95,94.33093693693694
43.1,-4.8,551,119318.27,2023-06-04,2024-11-09,43.15,-4.75,216.54858439201453
39.3,-2.6,546,107088.43000000001,2023-01-03,2024-09-20,39.349999999999994,-2.5500000000000003,196.1326556776557
28.3,-16.6,546,102825.89,2023-01-20,2024-12-25,28.35,-16.55,188.32580586080587
40.9,-3.8,543,437661.71,2023-01-02,2024-10-30,40.949999999999996,-3.75,806.0068324125231
38.6,-0.2,539,176762.26,2023-03-27,2025-08-06,38.65,-0.15000000000000002,327.9448237476809
41.1,-3.9,538,123881.15,2023-08-24,2024-11-16,41.15,-3.85,230.26236059479552
41.7,3.0,537,75776.4,2023-01-10,2024-09-28,41.75,3.05,141.11061452513965
41.2,-1.9,527,78316.93,2023-01-03,2024-11-01,41.25,-1.8499999999999999,148.6089753320683
37.0,-2.0,526,149551.27,2023-01-09,2024-09-28,37.05,-1.95,284.31800380228134
38.9,-0.6,523,51228.65,2023-01-04,2025-08-17,38.949999999999996,-0.5499999999999999,97.95152963671129
36.2,-6.1,522,377517.6,2023-01-04,2024-12-28,36.25,-6.05,723.2137931034482
42.3,-7.9,517,63894.31,2023-06-26,2024-09-25,42.349999999999994,-7.8500000000000005,123.58667311411992
42.5,-2.9,516,153947.34,2023-05-03,2024-11-15,42.55,-2.85,298.3475581395349
40.8,0.7,513,301754.46,2023-01-13,2025-07-05,40.849999999999994,0.75,588.215321637427
40.2,-5.1,512,108414.25,2023-09-29,2024-12-30,40.25,-5.05,211.74658203125
41.6,-3.1,505,243041.02,2023-01-06,2024-09-08,41.65,-3.0500000000000003,481.26934653465344
39.6,-0.9,505,140898.24,2023-02-12,2024-08-31,39.65,-0.85,279.00641584158416
40.4,-4.5,505,139678.12,2023-01-21,2024-10-25,40.449999999999996,-4.45,276.59033663366336
41.5,2.0,502,121343.8,2024-01-17,2024-12-26,41.55,2.05,241.72071713147412
40.2,-6.9,502,122560.75,2023-01-02,2024-09-21,40.25,-6.8500000000000005,244.1449203187251
39.0,1.5,501,255303.88,2023-01-13,2024-09-27,39.05,1.55,509.58858283433136
41.3,1.1,500,101708.51,2023-05-31,2024-10-26,41.349999999999994,1.1500000000000001,203.41701999999998
38.9,-2.8,500,161777.24,2023-01-05,2024-08-30,38.949999999999996,-2.75,323.55447999999996
43.3,-8.4,495,54554.36,2023-03-13,2024-01-20,43.349999999999994,-8.35,110.21082828282829
41.3,0.8,482,110118.31,2023-01-17,2024-12-06,41.349999999999994,0.8500000000000001,228.46122406639003
36.6,-6.4,476,417929.25,2023-06-15,2024-12-26,36.65,-6.3500000000000005,878.0026260504202
41.8,0.9,473,54139.229999999996,2023-03-23,2024-06-20,41.849999999999994,0.9500000000000001,114.45926004228329
42.1,-5.1,472,55638.9,2023-01-08,2024-10-11,42.15,-5.05,117.87902542372882
37.6,-0.9,471,60874.6,2023-03-18,2025-08-10,37.65,-0.85,129.24543524416134
42.3,1.7,469,60185.93,2023-01-03,2024-07-27,42.349999999999994,1.75,128.3282089552239
39.6,2.7,469,329910.44,2023-04-25,2024-11-04,39.65,2.75,703.4337739872068
41.8,2.8,467,88469.47,2023-07-06,2024-12-31,41.849999999999994,2.8499999999999996,189.4421199143469
27.9,-15.8,465,290102.64,2023-01-08,2025-01-17,27.95,-15.75,623.8766451612903
36.7,-2.2,463,279976.74,2023-01-11,2024-12-27,36.75,-2.1500000000000004,604.7013822894169
40.0,3.8,460,360748.86,2023-02-20,2024-10-21,40.05,3.8499999999999996,784.2366521739131
41.3,1.0,460,123159.03,2023-07-22,2024-09-28,41.349999999999994,1.05,267.73702173913045
36.9,-3.3,459,138902.03,2023-01-28,2024-11-08,36.949999999999996,-3.25,302.6188017429194
43.2,-8.4,457,135233.55,2023-05-26,2024-12-27,43.25,-8.35,295.9158643326039
38.6,1.4,453,656613.57,2023-04-20,2024-10-25,38.65,1.45,1449.4780794701985
41.9,3.1,447,411935.44,2023-04-01,2024-10-04,41.949999999999996,3.15,921.5557941834452
42.3,1.8,445,89300.73,2023-01-20,2025-08-18,42.349999999999994,1.85,200.675797752809
39.8,-0.3,445,216642.75,2023-01-13,2024-09-28,39.849999999999994,-0.25,486.8376404494382
41.4,-4.4,444,64857.77,2023-12-24,2025-05-14,41.449999999999996,-4.3500000000000005,146.07605855855854
42.0,2.9,439,157937.79,2023-02-11,2024-10-12,42.05,2.9499999999999997,359.7671753986333
40.4,-4.3,437,77876.68,2023-01-24,2024-12-13,40.449999999999996,-4.25,178.20750572082378
40.4,-6.1,435,49359.0,2023-01-13,2024-09-27,40.449999999999996,-6.05,113.46896551724137
41.5,1.9,428,120352.63,2023-07-21,2025-01-04,41.55,1.95,281.19773364485985
43.2,-4.7,426,40099.25,2023-04-06,2024-09-24,43.25,-4.65,94.12969483568075
37.7,-1.4,424,36201.82,2023-01-09,2024-12-31,37.75,-1.3499999999999999,85.38165094339622
42.3,2.3,424,100911.36,2023-06-02,2024-10-04,42.349999999999994,2.3499999999999996,237.99849056603773
40.7,0.7,412,177838.75,2023-01-02,2024-10-21,40.75,0.75,431.6474514563107
41.5,1.5,412,184190.55,2023-04-07,2025-03-29,41.55,1.55,447.0644417475728
41.8,2.3,411,112819.08,2023-01-05,2024-10-25,41.849999999999994,2.3499999999999996,274.49897810218977
28.4,-16.5,407,437277.88,2023-02-24,2025-05-24,28.45,-16.45,1074.3928255528256
39.7,2.6,405,149208.42,2023-09-01,2025-05-02,39.75,2.65,368.41585185185187
41.2,1.5,401,45840.17,2023-11-28,2024-11-01,41.25,1.55,114.31463840399002
42.2,-8.8,400,145149.07,2023-03-18,2024-08-29,42.25,-8.75,362.872675
39.9,3.8,397,581527.74,2023-04-01,2024-09-30,39.949999999999996,3.8499999999999996,1464.8053904282115
28.7,-18.0,395,73810.13,2023-01-11,2025-01-24,28.75,-17.95,186.86108860759495
29.1,-13.7,394,259800.74,2023-05-09,2025-04-19,29.150000000000002,-13.649999999999999,659.3927411167513
39.8,-6.1,393,119524.83,2023-01-02,2025-05-24,39.849999999999994,-6.05,304.13442748091603
27.7,-15.7,391,123928.91,2023-05-05,2025-02-13,27.75,-15.649999999999999,316.9537340153453
42.8,-1.1,390,129091.94,2023-06-01,2024-11-23,42.849999999999994,-1.05,331.0049743589744
28.0,-14.4,390,252308.98,2023-01-07,2025-04-27,28.05,-14.35,646.9461025641026
39.4,3.2,390,231286.65,2023-04-03,2024-10-21,39.449999999999996,3.25,593.0426923076923
42.2,2.9,390,97205.74,2023-01-12,2024-10-26,42.25,2.9499999999999997,249.24548717948718
36.9,-3.4,388,108563.45,2023-08-23,2024-08-22,36.949999999999996,-3.35,279.802706185567
43.3,-2.7,384,145347.57,2023-04-24,2024-10-20,43.349999999999994,-2.6500000000000004,378.509296875
42.3,2.4,384,109708.72,2023-01-05,2024-12-29,42.349999999999994,2.4499999999999997,285.69979166666667
37.9,-6.7,383,118527.44,2023-01-15,2024-12-27,37.949999999999996,-6.65,309.4711227154047
36.9,-3.6,383,40266.08,2023-10-07,2024-10-16,36.949999999999996,-3.5500000000000003,105.13336814621411
40.3,-1.2,382,120307.08,2023-05-31,2024-12-31,40.349999999999994,-1.15,314.94
41.9,2.7,382,113185.8,2023-01-06,2024-09-19,41.949999999999996,2.75,296.2979057591623
38.7,-0.2,379,129546.77,2023-01-16,2025-03-03,38.75,-0.15000000000000002,341.8120580474934
40.3,-4.6,379,46117.39,2023-03-31,2024-08-31,40.349999999999994,-4.55,121.68176781002639
41.9,1.5,376,67130.22,2024-01-12,2024-11-01,41.949999999999996,1.55,178.53781914893617
37.2,-5.1,376,50267.52,2023-05-09,2023-11-11,37.25,-5.05,133.69021276595743
36.6,-2.8,374,151672.43,2023-01-02,2023-08-21,36.65,-2.75,405.54125668449194
40.3,-3.8,374,136073.74,2023-04-07,2024-12-28,40.349999999999994,-3.75,363.8335294117647
41.4,1.7,372,153087.12,2023-01-02,2024-10-21,41.449999999999996,1.75,411.52451612903224
42.6,-3.0,370,58873.020000000004,2023-01-01,2023-09-09,42.65,-2.95,159.1162702702703
37.7,-5.4,370,55683.5,2023-06-26,2024-10-31,37.75,-5.3500000000000005,150.49594594594595
38.9,-5.3,368,54625.1,2023-01-03,2024-09-21,38.949999999999996,-5.25,148.43777173913043
42.8,-5.4,366,85398.0,2023-06-28,2024-10-11,42.849999999999994,-5.3500000000000005,233.327868852459
37.2,-3.2,366,44325.73,2023-04-05,2024-12-22,37.25,-3.1500000000000004,121.10855191256832
28.0,-17.2,365,58116.16,2023-04-01,2025-01-01,28.05,-17.15,159.22235616438357
43.3,-4.9,365,147927.86,2023-01-06,2024-09-30,43.349999999999994,-4.8500000000000005,405.28180821917806
38.6,-0.6,362,139093.24,2023-03-04,2025-01-03,38.65,-0.5499999999999999,384.2354696132596
43.5,-6.0,362,283382.02,2023-01-06,2024-11-01,43.55,-5.95,782.8232596685083
36.7,-5.6,362,56559.8,2023-07-20,2024-10-18,36.75,-5.55,156.2425414364641
36.7,-5.4,355,82563.05,2023-01-13,2025-04-04,36.75,-5.3500000000000005,232.57197183098592
42.4,1.1,354,139123.88999999998,2023-01-02,2024-09-03,42.449999999999996,1.1500000000000001,393.0053389830508
41.0,0.1,353,196071.32,2023-01-03,2024-10-03,41.05,0.15000000000000002,555.4428328611898
36.6,-5.4,352,54640.91,2023-12-22,2025-04-25,36.65,-5.3500000000000005,155.22985795454545
37.8,-6.6,349,50409.65,2024-02-08,2024-12-23,37.849999999999994,-6.55,144.44025787965617
41.4,-2.9,349,63435.37,2023-06-02,2024-08-24,41.449999999999996,-2.85,181.76323782234957
39.8,3.0,348,254659.14,2023-01-01,2025-04-27,39.849999999999994,3.05,731.7791379310345
40.5,-3.9,346,115687.94,2023-02-27,2024-07-17,40.55,-3.85,334.35820809248554
40.3,0.2,346,24288.0,2023-01-02,2023-10-14,40.349999999999994,0.25,70.19653179190752
42.6,-2.1,346,34032.0,2023-12-22,2024-10-16,42.65,-2.0500000000000003,98.35838150289017
39.1,-0.5,346,96112.35,2023-10-23,2024-11-14,39.15,-0.45,277.7813583815029
42.6,-6.9,345,26869.25,2023-02-13,2024-10-10,42.65,-6.8500000000000005,77.88188405797102
41.1,-0.5,343,59880.29,2023-01-06,2024-06-29,41.15,-0.45,174.57810495626822
41.0,-3.1,342,70667.23,2023-01-11,2024-09-27,41.05,-3.0500000000000003,206.62932748538012
37.8,-2.6,340,93038.5,2023-01-10,2025-01-24,37.849999999999994,-2.5500000000000003,273.6426470588235
42.0,-7.9,339,91408.55,2023-02-04,2024-10-18,42.05,-7.8500000000000005,269.64174041297935
41.6,1.3,336,65035.159999999996,2023-02-04,2024-09-18,41.65,1.35,193.5570238095238
41.0,-3.7,335,66400.28,2023-01-05,2024-06-29,41.05,-3.6500000000000004,198.20979104477613
43.1,-1.6,333,161241.36,2023-01-20,2024-10-19,43.15,-1.55,484.20828828828826
42.1,-4.3,333,29898.2,2023-06-10,2024-09-20,42.15,-4.25,89.78438438438438
42.1,-6.7,332,104533.27,2023-01-13,2024-09-27,42.15,-6.65,314.8592469879518
41.4,1.6,330,170286.58,2023-01-20,2024-09-24,41.449999999999996,1.6500000000000001,516.0199393939394
43.4,-3.5,328,56547.18,2023-01-13,2024-11-03,43.449999999999996,-3.45,172.39993902439025
37.9,-5.8,328,55055.97,2023-06-09,2024-10-04,37.949999999999996,-5.75,167.85356707317072
40.2,-2.1,323,129320.34,2023-02-18,2024-12-23,40.25,-2.0500000000000003,400.3725696594427
38.5,-0.7,322,128379.91,2023-01-12,2024-09-16,38.55,-0.6499999999999999,398.69537267080744
28.2,-16.7,322,181750.91,2023-02-03,2025-06-21,28.25,-16.65,564.4438198757764
40.4,-1.5,321,131474.38,2023-03-30,2024-12-06,40.449999999999996,-1.45,409.577507788162
41.8,2.1,320,96411.11,2023-04-01,2024-10-25,41.849999999999994,2.15,301.28471875
42.4,-8.1,314,49886.44,2023-01-16,2024-08-18,42.449999999999996,-8.049999999999999,158.8740127388535
42.1,2.6,313,200608.6,2023-01-06,2025-06-26,42.15,2.65,640.9220447284346
42.9,-2.9,311,127801.0,2023-01-03,2024-11-30,42.949999999999996,-2.85,410.935691318328
43.1,-4.7,310,234695.97,2023-01-13,2024-11-08,43.15,-4.65,757.0837741935484
43.5,-7.3,308,110555.37,2023-06-09,2024-08-26,43.55,-7.25,358.9460064935065
42.6,-8.3,304,18781.62,2023-01-02,2024-08-26,42.65,-8.25,61.781644736842104
42.6,-7.5,302,34059.6,2023-01-28,2024-09-27,42.65,-7.45,112.78013245033112
39.5,2.4,302,202805.78,2023-03-31,2024-11-07,39.55,2.4499999999999997,671.5423178807947
42.2,2.4,300,74491.97,2023-02-04,2024-10-12,42.25,2.4499999999999997,248.30656666666667
27.9,-15.4,299,21069.99,2024-02-14,2025-02-12,27.95,-15.35,70.46819397993312
43.0,-2.4,297,162060.5,2023-04-11,2024-12-30,43.05,-2.35,545.6582491582492
42.4,-2.6,296,25490.1,2023-02-20,2024-10-27,42.449999999999996,-2.5500000000000003,86.1152027027027
43.3,-5.1,295,85697.81,2023-03-23,2024-10-17,43.349999999999994,-5.05,290.50105084745763
38.9,-2.9,294,211508.93,2023-02-17,2024-09-23,38.949999999999996,-2.85,719.4181292517006
42.9,-1.3,293,103888.51,2023-01-28,2025-06-13,42.949999999999996,-1.25,354.56829351535833
28.9,-13.9,291,227399.25,2023-01-05,2024-05-09,28.95,-13.85,781.4407216494845
43.1,-1.9,290,54996.5,2023-05-22,2024-12-30,43.15,-1.8499999999999999,189.64310344827587
42.1,-1.6,289,98211.76,2023-10-11,2024-10-03,42.15,-1.55,339.8330795847751
42.7,-2.1,287,59945.03,2023-03-24,2024-10-04,42.75,-2.0500000000000003,208.86770034843204
43.1,-6.1,285,113084.66,2023-01-03,2024-11-07,43.15,-6.05,396.7882807017544
41.8,2.4,284,162999.0,2023-04-28,2024-12-14,41.849999999999994,2.4499999999999997,573.9401408450705
38.1,-3.1,282,59883.82,2023-01-03,2025-05-22,38.15,-3.0500000000000003,212.35397163120567
39.7,3.4,282,232189.96,2023-01-21,2024-10-12,39.75,3.4499999999999997,823.3686524822695
38.8,-7.0,281,45226.45,2024-01-30,2024-09-08,38.849999999999994,-6.95,160.9482206405694
42.1,1.9,281,76946.83,2023-02-17,2023-12-23,42.15,1.95,273.8321352313167
42.2,1.7,281,70942.52,2024-02-23,2024-10-23,42.25,1.75,252.46448398576513
37.3,-1.8,280,171729.93,2023-01-19,2024-11-19,37.349999999999994,-1.75,613.3211785714285
27.7,-15.8,280,436202.6,2023-01-17,2025-04-19,27.75,-15.75,1557.8664285714285
42.2,-2.1,277,67992.85,2024-05-05,2024-11-15,42.25,-2.0500000000000003,245.46155234657041
41.5,-3.1,277,99007.03,2023-01-03,2024-12-29,41.55,-3.0500000000000003,357.4261010830325
41.1,-1.5,275,51614.48,2023-01-07,2024-07-26,41.15,-1.45,187.6890181818182
41.3,0.9,275,80957.01,2023-01-21,2024-11-03,41.349999999999994,0.9500000000000001,294.38912727272725
42.0,-6.4,274,56904.34,2023-04-28,2024-09-28,42.05,-6.3500000000000005,207.68007299270073
42.8,-2.6,274,57123.5,2023-06-02,2024-09-12,42.849999999999994,-2.5500000000000003,208.47992700729927
43.2,-2.2,272,172989.88,2023-04-01,2024-11-09,43.25,-2.1500000000000004,635.992205882353
39.0,-1.1,271,92788.3,2023-01-02,2024-08-02,39.05,-1.05,342.3922509225092
41.7,-4.0,266,37758.65,2023-07-11,2024-10-04,41.75,-3.95,141.94981203007518
43.4,-8.2,266,77206.79,2023-04-02,2024-10-17,43.449999999999996,-8.149999999999999,290.25109022556387
40.1,-0.2,266,62284.89,2023-02-10,2024-09-28,40.15,-0.15000000000000002,234.15372180451126
38.0,-5.9,266,151888.0,2023-01-08,2024-10-15,38.05,-5.8500000000000005,571.0075187969925
42.7,-0.4,265,62845.6,2023-02-22,2024-08-30,42.75,-0.35000000000000003,237.1532075471698
43.5,-5.7,263,118588.88,2023-01-31,2024-10-12,43.55,-5.65,450.90828897338406
28.6,-14.0,263,99569.43,2023-01-05,2025-01-29,28.650000000000002,-13.95,378.5909885931559
39.7,-6.3,261,28009.29,2023-01-04,2024-12-17,39.75,-6.25,107.31528735632185
42.7,-5.0,260,43388.68,2023-06-08,2024-08-23,42.75,-4.95,166.87953846153846
40.7,0.6,260,76472.35,2023-05-03,2024-02-29,40.75,0.65,294.1244230769231
43.4,-5.4,260,66607.81,2023-10-31,2024-11-08,43.449999999999996,-5.3500000000000005,256.1838846153846
42.7,-8.4,255,62858.82,2023-02-05,2024-10-16,42.75,-8.35,246.50517647058822
36.7,-5.8,254,23263.420000000002,2023-09-26,2024-10-17,36.75,-5.75,91.58826771653544
37.2,-7.5,254,74820.88,2023-01-10,2024-09-02,37.25,-7.45,294.5703937007874
42.8,-4.4,254,31446.5,2023-05-31,2024-08-19,42.849999999999994,-4.3500000000000005,123.80511811023622
37.9,-3.5,252,62005.31,2023-01-09,2024-12-07,37.949999999999996,-3.45,246.05281746031744
42.1,3.1,251,196663.19,2023-10-16,2025-05-22,42.15,3.15,783.5186852589642
42.4,0.5,250,73687.42,2023-01-27,2024-10-10,42.449999999999996,0.55,294.74968
42.1,2.1,248,138209.7,2023-04-28,2024-12-27,42.15,2.15,557.2971774193549
41.8,-1.8,247,42562.32,2023-05-26,2024-08-27,41.849999999999994,-1.75,172.31708502024293
43.3,-3.8,245,83592.82,2023-04-03,2024-09-12,43.349999999999994,-3.75,341.19518367346944
38.0,-1.7,245,110001.8,2023-01-13,2024-10-04,38.05,-1.65,448.9869387755102
-19.2,-40.4,244,134006.85,2023-12-05,2025-01-01,-19.15,-40.35,549.2084016393443
39.6,3.1,244,253260.58,2023-10-21,2024-10-26,39.65,3.15,1037.9531967213113
43.3,-1.9,243,49526.47,2024-03-01,2024-07-28,43.349999999999994,-1.8499999999999999,203.81263374485596
37.6,-0.8,241,43762.77,2023-03-24,2024-11-01,37.65,-0.75,181.58825726141077
41.7,0.8,240,83310.23,2023-02-20,2024-10-04,41.75,0.8500000000000001,347.1259583333333
42.4,0.6,240,59209.22,2023-01-13,2024-08-19,42.449999999999996,0.65,246.70508333333333
37.5,-4.8,237,237926.22,2023-06-09,2025-03-05,37.55,-4.75,1003.9081012658228
41.6,1.5,236,84824.25,2023-01-01,2024-08-31,41.65,1.55,359.42478813559325
40.1,0.0,232,29293.59,2023-01-04,2024-08-18,40.15,0.05,126.26547413793104
36.7,-6.5,232,165973.91,2024-02-02,2024-11-08,36.75,-6.45,715.4047844827586
42.9,-6.4,232,31259.53,2024-03-05,2025-02-14,42.949999999999996,-6.3500000000000005,134.73935344827586
39.6,-5.2,232,51172.23,2023-01-06,2024-09-28,39.65,-5.15,220.56995689655173
39.4,-3.8,230,156078.51,2023-06-09,2025-06-13,39.449999999999996,-3.75,678.6022173913044
38.6,-0.1,229,186658.51,2023-01-13,2025-04-26,38.65,-0.05,815.1026637554586
42.3,-2.7,227,57297.8,2023-02-18,2024-10-06,42.349999999999994,-2.6500000000000004,252.41321585903086
36.8,-4.9,226,34601.23,2023-01-06,2024-06-15,36.849999999999994,-4.8500000000000005,153.1027876106195
41.0,-5.7,224,38939.49,2023-01-13,2024-12-22,41.05,-5.65,173.8370089285714
42.7,-9.1,222,67959.52,2023-12-16,2024-09-17,42.75,-9.049999999999999,306.123963963964
38.6,0.1,217,105732.68000000001,2023-11-13,2024-10-12,38.65,0.15000000000000002,487.24737327188944
36.7,-3.6,217,106458.69,2023-01-06,2024-12-27,36.75,-3.5500000000000003,490.5930414746544
28.6,-14.1,217,184060.6,2023-01-11,2025-12-20,28.650000000000002,-14.049999999999999,848.2055299539171
40.1,-1.3,217,28025.420000000002,2023-01-02,2024-09-23,40.15,-1.25,129.149400921659
36.1,-6.1,217,250549.48,2023-04-03,2024-09-12,36.15,-6.05,1154.6058986175115
29.2,-13.5,214,89186.89,2024-04-18,2025-04-17,29.25,-13.45,416.76116822429907
39.4,3.1,214,141223.27,2023-03-13,2024-10-05,39.449999999999996,3.15,659.9218224299065
37.4,-2.8,210,75620.39,2024-03-14,2025-09-19,37.449999999999996,-2.75,360.0970952380952
42.2,1.2,210,77052.8,2023-02-03,2024-12-31,42.25,1.25,366.91809523809525
42.2,2.7,210,245402.36000000002,2023-03-17,2024-12-30,42.25,2.75,1168.5826666666667
36.4,-6.2,208,121656.6,2023-04-19,2025-03-01,36.449999999999996,-6.15,584.8875
40.2,-4.7,207,70153.23,2023-06-30,2024-10-31,40.25,-4.65,338.9044927536232
38.1,-1.9,206,32175.8,2023-04-29,2025-02-21,38.15,-1.8499999999999999,156.19320388349513
39.5,2.7,206,241783.18,2023-04-05,2024-10-22,39.55,2.75,1173.7047572815534
39.8,-3.1,206,55658.15,2023-01-21,2024-09-06,39.849999999999994,-3.0500000000000003,270.18519417475727
43.6,-7.6,204,101252.54,2023-01-13,2024-12-22,43.65,-7.55,496.33598039215684
28.6,-17.9,203,184760.22,2023-01-02,2025-02-22,28.650000000000002,-17.849999999999998,910.148866995074
37.9,-3.0,203,72340.91,2023-04-28,2024-10-04,37.949999999999996,-2.95,356.3591625615764
43.2,-1.9,203,28402.35,2023-03-24,2024-02-17,43.25,-1.8499999999999999,139.9130541871921
43.4,-5.3,200,42742.0,2024-03-28,2024-10-11,43.449999999999996,-5.25,213.71
36.9,-2.1,199,84094.77,2023-05-12,2024-12-06,36.949999999999996,-2.0500000000000003,422.586783919598
41.3,-6.4,198,168273.18,2023-06-30,2024-10-11,41.349999999999994,-6.3500000000000005,849.8645454545455
43.3,-5.3,197,74411.45,2023-03-24,2024-09-13,43.349999999999994,-5.25,377.7230964467005
42.5,-2.8,196,59612.64,2023-08-01,2024-10-26,42.55,-2.75,304.1461224489796
36.7,-3.2,195,18689.4,2023-03-18,2024-08-23,36.75,-3.1500000000000004,95.84307692307694
39.4,-5.4,193,35299.9,2023-07-01,2025-05-10,39.449999999999996,-5.3500000000000005,182.90103626943005
43.1,-3.6,191,131354.86,2023-03-05,2024-10-09,43.15,-3.5500000000000003,687.721780104712
38.5,-3.5,191,11665.6,2023-03-23,2023-12-23,38.55,-3.45,61.07643979057592
37.8,-5.6,188,47057.84,2023-01-02,2024-09-06,37.849999999999994,-5.55,250.30765957446806
40.7,0.3,187,31668.53,2023-06-02,2024-10-11,40.75,0.35,169.35042780748662
37.8,-0.8,183,150190.91,2023-01-06,2024-09-02,37.849999999999994,-0.75,820.7153551912569
36.0,-5.6,183,224566.13999999998,2023-08-14,2025-03-01,36.05,-5.55,1227.1373770491803
42.6,1.1,182,85059.96,2023-11-10,2024-10-04,42.65,1.1500000000000001,467.3624175824176
43.4,-5.5,181,77592.84,2023-04-15,2024-12-22,43.449999999999996,-5.45,428.68972375690606
37.9,-1.3,179,62115.58,2024-01-23,2025-09-26,37.949999999999996,-1.25,347.0144134078212
40.9,-3.2,178,53704.07,2023-03-16,2024-09-27,40.949999999999996,-3.1500000000000004,301.70825842696627
37.0,-3.1,177,64518.25,2023-01-21,2024-08-27,37.05,-3.0500000000000003,364.5098870056497
38.9,1.2,177,834220.0599999999,2024-03-29,2024-10-26,38.949999999999996,1.25,4713.107683615819
43.2,-8.7,175,22894.2,2023-04-25,2024-09-27,43.25,-8.649999999999999,130.824
43.6,-5.9,172,52063.48,2023-03-06,2023-09-14,43.65,-5.8500000000000005,302.6946511627907
43.4,-5.2,172,63544.5,2024-03-08,2024-10-04,43.449999999999996,-5.15,369.44476744186045
38.9,-1.9,167,35078.31,2024-02-05,2024-11-29,38.949999999999996,-1.8499999999999999,210.0497604790419
43.0,-7.6,167,35836.47,2023-12-19,2024-12-13,43.05,-7.55,214.5896407185629
36.4,-6.0,164,38022.9,2023-09-01,2024-12-06,36.449999999999996,-5.95,231.8469512195122
43.2,-7.1,162,67330.59,2024-02-22,2024-10-12,43.25,-7.05,415.6209259259259
36.7,-6.0,160,14439.89,2024-01-13,2024-10-18,36.75,-5.95,90.2493125
39.3,-5.0,160,46937.8,2023-07-28,2025-09-06,39.349999999999994,-4.95,293.36125000000004
41.4,1.9,158,24744.91,2024-02-03,2024-09-14,41.449999999999996,1.95,156.61335443037976
36.4,-5.2,157,305256.06,2023-07-15,2025-08-28,36.449999999999996,-5.15,1944.3061146496816
39.9,3.0,157,208976.91,2023-04-01,2024-10-26,39.949999999999996,3.05,1331.0631210191084
42.3,-6.9,157,20754.55,2023-01-03,2024-10-15,42.349999999999994,-6.8500000000000005,132.19458598726115
42.0,2.8,156,51375.9,2023-01-22,2024-10-13,42.05,2.8499999999999996,329.3326923076923
42.6,1.2,156,40903.8,2024-01-26,2024-09-27,42.65,1.25,262.2038461538462
43.3,-4.8,155,137548.51,2023-06-10,2024-10-31,43.349999999999994,-4.75,887.4097419354839
42.0,0.7,154,56448.03,2023-02-09,2024-09-13,42.05,0.75,366.54564935064934
37.5,-4.4,153,28070.38,2023-05-20,2024-12-19,37.55,-4.3500000000000005,183.46653594771243
42.9,-8.6,153,71902.49,2023-02-17,2025-04-26,42.949999999999996,-8.549999999999999,469.95091503267975
41.1,-4.3,153,24224.68,2023-04-21,2023-12-04,41.15,-4.25,158.33124183006535
41.0,0.3,153,42473.63,2023-01-11,2024-08-19,41.05,0.35,277.6054248366013
28.7,-17.8,153,50394.33,2023-01-08,2025-01-12,28.75,-17.75,329.37470588235294
39.5,-1.5,152,47164.52,2023-01-06,2024-09-12,39.55,-1.45,310.2928947368421
42.6,-8.8,152,86171.36,2023-06-16,2024-09-19,42.65,-8.75,566.9168421052632
43.1,-5.6,151,61763.98,2023-07-03,2024-08-19,43.15,-5.55,409.03298013245035
40.3,0.3,151,50134.35,2024-04-26,2024-12-22,40.349999999999994,0.35,332.0155629139073
40.2,-1.1,151,62455.76,2023-02-07,2024-11-22,40.25,-1.05,413.6143046357616
39.2,-6.4,150,13013.08,2024-03-06,2024-10-21,39.25,-6.3500000000000005,86.75386666666667
43.3,-1.8,150,29581.22,2023-04-21,2024-11-22,43.349999999999994,-1.75,197.20813333333334
43.4,-4.9,149,24284.5,2023-04-19,2024-09-11,43.449999999999996,-4.8500000000000005,162.98322147651007
40.6,0.2,148,28273.329999999998,2023-01-02,2024-11-01,40.65,0.25,191.0360135135135
42.2,-3.8,148,19726.25,2024-03-29,2024-10-30,42.25,-3.75,133.28547297297297
39.4,-3.2,146,40320.68,2023-01-11,2024-09-13,39.449999999999996,-3.1500000000000004,276.1690410958904
43.5,-6.1,144,86600.04,2024-05-06,2025-06-04,43.55,-6.05,601.3891666666666
41.2,-3.5,143,17177.85,2023-06-22,2024-11-02,41.25,-3.45,120.12482517482516
40.4,-3.9,142,72089.33,2024-02-09,2024-10-11,40.449999999999996,-3.85,507.67133802816903
27.8,-17.9,142,61634.79,2023-07-14,2024-11-14,27.85,-17.849999999999998,434.04781690140845
41.2,-6.7,140,26038.37,2023-03-11,2024-09-02,41.25,-6.65,185.98835714285713
42.1,1.3,139,58955.19,2023-02-21,2024-04-12,42.15,1.35,424.13805755395686
39.0,-3.7,139,12867.67,2023-01-06,2024-01-14,39.05,-3.6500000000000004,92.5731654676259
43.4,-3.6,138,22530.0,2023-04-06,2024-08-14,43.449999999999996,-3.5500000000000003,163.2608695652174
41.9,1.6,137,20994.57,2024-03-04,2024-12-28,41.949999999999996,1.6500000000000001,153.24503649635037
52.5,-1.4,137,367999.4,2023-01-18,2024-09-01,52.55,-1.3499999999999999,2686.12700729927
36.2,-5.4,137,135553.28,2023-03-18,2024-11-07,36.25,-5.3500000000000005,989.4399999999999
41.1,-2.7,135,28176.9,2023-06-30,2024-09-23,41.15,-2.6500000000000004,208.7177777777778
43.3,-4.6,133,75736.97,2023-04-06,2024-10-05,43.349999999999994,-4.55,569.4509022556391
35.2,-3.0,133,31812.33,2023-01-08,2024-10-21,35.25,-2.95,239.19045112781956
38.4,-2.1,133,22956.78,2023-03-11,2024-09-15,38.449999999999996,-2.0500000000000003,172.60736842105263
43.2,-8.8,132,95533.4,2023-06-23,2024-10-01,43.25,-8.75,723.7378787878788
42.7,0.7,128,89875.46,2023-03-03,2025-01-02,42.75,0.75,702.15203125
40.6,-0.2,128,38786.95,2023-05-17,2024-09-05,40.65,-0.15000000000000002,303.023046875
37.3,-3.0,127,28933.39,2023-07-28,2024-12-05,37.349999999999994,-2.95,227.821968503937
40.6,-3.0,126,29727.93,2023-12-16,2024-08-24,40.65,-2.95,235.9359523809524
43.7,-7.9,126,27987.21,2024-03-29,2024-10-06,43.75,-7.8500000000000005,222.12071428571429
38.1,-6.7,124,21320.0,2023-01-02,2023-11-10,38.15,-6.65,171.93548387096774
38.9,-1.3,123,40822.13,2023-02-04,2024-12-31,38.949999999999996,-1.25,331.8872357723577
28.0,-17.3,122,45108.81,2023-01-06,2025-02-13,28.05,-17.25,369.74434426229504
-39.9,-73.3,121,77507.6,2023-04-01,2024-09-20,-39.85,-73.25,640.5586776859504
41.1,0.7,121,40035.36,2023-01-06,2026-08-11,41.15,0.75,330.8707438016529
37.6,-2.7,118,50960.17,2023-06-29,2024-09-14,37.65,-2.6500000000000004,431.8658474576271
42.9,-2.7,118,56639.5,2023-06-09,2024-10-11,42.949999999999996,-2.6500000000000004,479.9957627118644
41.9,3.0,116,57832.69,2023-02-03,2024-08-14,41.949999999999996,3.05,498.5576724137931
28.1,-15.6,116,288064.72000000003,2023-02-22,2025-04-17,28.150000000000002,-15.549999999999999,2483.316551724138
37.5,-3.0,115,59677.72,2023-05-04,2024-12-31,37.55,-2.95,518.936695652174
38.3,-3.6,115,67411.42,2023-05-12,2024-10-11,38.349999999999994,-3.5500000000000003,586.1862608695652
42.2,-4.0,113,28797.32,2023-10-18,2024-10-02,42.25,-3.95,254.84353982300885
40.8,-2.0,112,40476.44,2023-07-14,2024-09-18,40.849999999999994,-1.95,361.3967857142857
36.3,-6.2,112,184547.23,2023-07-09,2024-10-27,36.349999999999994,-6.15,1647.7431250000002
38.4,-0.6,112,150716.39,2023-02-24,2024-10-01,38.449999999999996,-0.5499999999999999,1345.6820535714287
42.1,-2.7,111,83701.39,2023-02-24,2024-10-15,42.15,-2.6500000000000004,754.0665765765766
41.8,2.9,111,39772.14,2023-01-28,2024-10-18,41.849999999999994,2.9499999999999997,358.30756756756756
36.5,-5.0,109,131751.24,2024-04-23,2024-10-12,36.55,-4.95,1208.7269724770642
38.0,-1.8,109,15115.46,2023-01-23,2024-11-29,38.05,-1.75,138.67394495412844
36.7,-5.3,109,134507.09,2023-02-17,2024-12-13,36.75,-5.25,1234.01
37.2,-7.2,109,77415.5,2023-07-25,2024-10-24,37.25,-7.15,710.2339449541284
39.9,4.2,109,81321.46,2024-06-04,2024-09-30,39.949999999999996,4.25,746.0684403669725
39.3,-5.4,108,26734.25,2023-04-29,2025-03-19,39.349999999999994,-5.3500000000000005,247.53935185185185
36.5,-4.8,107,65734.14,2023-04-06,2024-11-15,36.55,-4.75,614.3377570093458
43.3,-5.0,106,21785.39,2023-04-07,2024-09-14,43.349999999999994,-4.95,205.5225471698113
37.8,-5.7,106,13082.25,2023-06-14,2024-06-22,37.849999999999994,-5.65,123.41745283018868
41.4,2.0,106,150968.6,2023-06-03,2024-10-10,41.449999999999996,2.05,1424.2320754716982
41.3,-2.9,105,18745.0,2023-06-20,2024-06-07,41.349999999999994,-2.85,178.52380952380952
38.1,-0.6,104,64089.45,2024-03-16,2024-09-25,38.15,-0.5499999999999999,616.2447115384615
41.4,2.3,103,74980.99,2023-11-23,2024-10-18,41.449999999999996,2.3499999999999996,727.9707766990292
38.9,-0.2,103,60364.14,2023-08-11,2024-10-17,38.949999999999996,-0.15000000000000002,586.0596116504854
41.9,2.5,102,114107.0,2023-03-24,2024-09-20,41.949999999999996,2.55,1118.6960784313726
29.0,-13.5,102,85717.85,2023-12-27,2024-12-29,29.05,-13.45,840.3710784313726
36.7,-2.7,102,62790.41,2023-02-09,2025-02-01,36.75,-2.6500000000000004,615.5922549019608
43.7,-7.8,101,44746.28,2024-03-27,2024-10-27,43.75,-7.75,443.03247524752476
28.8,-13.9,101,161492.33,2023-01-26,2025-04-12,28.85,-13.85,1598.9339603960395
42.2,2.6,101,33882.29,2023-06-02,2024-08-29,42.25,2.65,335.46821782178216
41.9,3.2,99,95438.89,2023-12-22,2024-10-12,41.949999999999996,3.25,964.0291919191919
42.2,-0.3,98,26322.8,2024-03-23,2024-09-28,42.25,-0.25,268.59999999999997
40.5,-6.9,96,12929.19,2023-02-16,2024-08-25,40.55,-6.8500000000000005,134.67906250000001
41.2,0.8,96,46835.8,2023-01-05,2024-02-10,41.25,0.8500000000000001,487.8729166666667
38.9,-3.9,96,50107.75,2023-04-22,2025-06-28,38.949999999999996,-3.85,521.9557291666666
38.3,-2.4,95,38380.96,2023-01-27,2024-08-30,38.349999999999994,-2.35,404.01010526315787
41.8,2.6,95,13018.75,2023-01-02,2023-10-14,41.849999999999994,2.65,137.03947368421052
38.6,-0.4,94,76326.15,2023-02-11,2024-12-23,38.65,-0.35000000000000003,811.9803191489361
40.3,-5.8,94,40292.28,2023-04-29,2024-08-15,40.349999999999994,-5.75,428.64127659574467
39.2,-2.9,93,11399.79,2024-04-17,2024-08-23,39.25,-2.85,122.57838709677421
40.1,-3.4,92,75823.97,2023-03-24,2025-10-10,40.15,-3.35,824.1735869565217
43.5,-6.3,92,74067.2,2023-01-08,2024-10-20,43.55,-6.25,805.0782608695652
36.9,-4.2,92,182762.85,2023-07-09,2024-10-30,36.949999999999996,-4.15,1986.5527173913044
42.2,-8.5,92,41001.0,2023-01-19,2024-08-26,42.25,-8.45,445.6630434782609
39.3,2.9,92,126264.96,2023-06-02,2025-08-23,39.349999999999994,2.9499999999999997,1372.4452173913044
36.6,-4.8,91,79123.8,2024-04-16,2025-10-28,36.65,-4.75,869.4923076923077
41.2,1.1,91,184490.16,2023-01-26,2025-04-18,41.25,1.1500000000000001,2027.3643956043957
42.3,0.8,88,70619.39,2023-11-17,2024-12-28,42.349999999999994,0.8500000000000001,802.4930681818182
36.9,-3.5,88,29519.079999999998,2023-01-28,2024-10-21,36.949999999999996,-3.45,335.4440909090909
40.2,-1.6,87,12450.0,2024-02-15,2024-08-13,40.25,-1.55,143.10344827586206
42.2,-7.9,87,17563.4,2024-02-02,2024-12-26,42.25,-7.8500000000000005,201.87816091954025
42.4,-6.1,87,25863.05,2023-01-07,2024-08-13,42.449999999999996,-6.05,297.27643678160916
40.0,-6.4,86,31460.29,2023-06-02,2024-08-21,40.05,-6.3500000000000005,365.8173255813954
40.0,-5.9,85,10671.5,2023-08-29,2023-12-30,40.05,-5.8500000000000005,125.54705882352941
37.7,-2.8,84,16074.87,2024-03-05,2024-10-11,37.75,-2.75,191.3675
42.3,0.9,84,17056.48,2024-03-27,2024-09-11,42.349999999999994,0.9500000000000001,203.05333333333334
42.5,-7.2,84,23714.74,2023-03-24,2024-11-08,42.55,-7.15,282.3183333333333
43.4,-5.8,84,25882.03,2023-06-30,2024-08-06,43.449999999999996,-5.75,308.1194047619048
43.2,-5.6,83,34611.93,2023-02-17,2024-10-25,43.25,-5.55,417.0112048192771
38.6,-0.9,82,18186.98,2023-11-25,2024-10-11,38.65,-0.85,221.79243902439023
42.5,-0.6,81,27999.12,2023-01-21,2024-07-05,42.55,-0.5499999999999999,345.66814814814813
41.7,1.2,81,56876.79,2023-06-16,2024-12-06,41.75,1.25,702.1825925925926
42.2,2.2,80,108322.48,2023-02-17,2024-09-27,42.25,2.25,1354.031
39.3,3.2,80,118191.93,2023-03-27,2024-11-12,39.349999999999994,3.25,1477.399125
42.8,-3.3,79,16451.15,2023-06-30,2023-11-15,42.849999999999994,-3.25,208.24240506329116
42.3,-2.9,79,56070.75,2023-03-31,2024-08-30,42.349999999999994,-2.85,709.756329113924
40.1,-6.0,79,27970.19,2023-01-27,2024-08-07,40.15,-5.95,354.05303797468355
37.5,-1.3,79,13375.0,2023-06-10,2023-08-25,37.55,-1.25,169.30379746835442
40.4,-1.6,78,18367.0,2023-04-04,2023-12-28,40.449999999999996,-1.55,235.47435897435898
43.2,-4.3,78,69247.31,2023-07-14,2024-11-05,43.25,-4.25,887.7860256410256
40.9,-4.1,77,56687.95,2023-02-10,2024-11-01,40.949999999999996,-4.05,736.2071428571428
38.1,-2.8,76,17689.3,2023-07-07,2023-12-07,38.15,-2.75,232.75394736842105
40.4,-4.0,76,54794.67,2023-03-24,2024-12-28,40.449999999999996,-3.95,720.9825
41.3,1.5,74,217783.54,2023-03-17,2025-10-03,41.349999999999994,1.55,2943.020810810811
42.8,-5.0,74,36479.29,2023-01-13,2024-10-04,42.849999999999994,-4.95,492.96337837837837
40.1,-5.7,74,58949.57,2023-10-27,2024-12-30,40.15,-5.65,796.6158108108108
39.1,-0.8,73,9941.4,2024-04-13,2024-10-18,39.15,-0.75,136.18356164383562
43.7,-7.7,73,9191.98,2024-03-21,2024-10-12,43.75,-7.65,125.91753424657534
41.6,2.5,73,15649.6,2024-01-27,2024-08-02,41.65,2.55,214.37808219178083
42.2,0.9,72,33502.2,2023-02-18,2024-09-15,42.25,0.9500000000000001,465.3083333333333
42.4,0.0,72,37839.84,2023-01-05,2024-09-01,42.449999999999996,0.05,525.5533333333333
41.1,-3.1,72,10626.4,2023-02-10,2024-02-09,41.15,-3.0500000000000003,147.58888888888887
42.7,-0.3,72,37920.77,2023-10-11,2025-02-14,42.75,-0.25,526.677361111111
38.3,-2.8,71,7270.25,2024-01-13,2024-11-15,38.349999999999994,-2.75,102.39788732394366
42.5,-8.9,71,68809.86,2023-01-28,2024-08-22,42.55,-8.85,969.1529577464789
43.5,-8.3,70,5704.0,2024-05-04,2024-08-19,43.55,-8.25,81.48571428571428
42.1,1.5,70,20665.72,2024-01-12,2024-08-26,42.15,1.55,295.22457142857144
41.9,-2.5,70,19420.73,2023-12-29,2024-08-21,41.949999999999996,-2.45,277.439
42.4,1.2,70,33895.0,2023-06-30,2024-12-27,42.449999999999996,1.25,484.2142857142857
40.4,-4.7,69,8399.4,2023-11-04,2024-09-14,40.449999999999996,-4.65,121.7304347826087
41.7,2.3,69,10401.18,2024-01-26,2024-07-19,41.75,2.3499999999999996,150.74173913043478
38.4,-0.5,69,45093.03,2023-01-20,2023-12-30,38.449999999999996,-0.45,653.5221739130435
40.6,-2.8,69,29781.75,2023-03-03,2023-08-25,40.65,-2.75,431.6195652173913
27.7,-18.0,68,30575.77,2023-11-08,2024-10-25,27.75,-17.95,449.6436764705882
42.2,2.0,67,35799.92,2024-01-26,2025-06-05,42.25,2.05,534.3271641791044
42.5,-7.7,67,30569.98,2023-01-24,2024-08-25,42.55,-7.65,456.2683582089552
38.8,0.0,66,61838.22,2023-04-28,2024-10-07,38.849999999999994,0.05,936.9427272727273
36.8,-2.5,66,24617.74,2023-01-13,2024-10-11,36.849999999999994,-2.45,372.9960606060606
42.6,-6.5,66,18804.57,2023-01-27,2024-06-22,42.65,-6.45,284.9177272727273
36.7,-3.1,65,23023.05,2024-01-14,2024-10-28,36.75,-3.0500000000000003,354.2007692307692
43.5,-6.6,65,32320.79,2023-04-03,2024-09-09,43.55,-6.55,497.2429230769231
41.6,-1.0,64,13444.62,2024-05-23,2025-03-01,41.65,-0.95,210.0721875
43.0,-4.9,63,20348.170000000002,2023-11-08,2024-09-18,43.05,-4.8500000000000005,322.98682539682545
40.4,-4.8,63,22837.67,2023-08-25,2024-08-27,40.449999999999996,-4.75,362.5026984126984
42.1,0.0,61,18615.14,2024-02-16,2024-10-05,42.15,0.05,305.1662295081967
39.9,-0.6,61,10897.0,2024-04-15,2024-06-15,39.949999999999996,-0.5499999999999999,178.63934426229508
29.0,-13.7,60,41183.7,2023-11-21,2024-08-04,29.05,-13.649999999999999,686.395
39.5,-0.5,60,138616.23,2023-02-09,2024-11-29,39.55,-0.45,2310.2705
41.8,1.0,60,78806.39,2023-02-18,2024-10-25,41.849999999999994,1.05,1313.4398333333334
42.0,1.3,59,113597.53,2023-04-12,2024-12-24,42.05,1.35,1925.3818644067796
39.7,2.8,58,78059.16,2023-12-01,2025-07-30,39.75,2.8499999999999996,1345.8475862068967
39.2,-6.2,58,29733.67,2023-12-23,2024-10-25,39.25,-6.15,512.6494827586207
39.4,-0.8,58,67423.91,2023-05-30,2024-11-08,39.449999999999996,-0.75,1162.4812068965518
41.3,2.0,58,44352.42,2024-02-12,2024-09-21,41.349999999999994,2.05,764.6968965517241
42.8,-1.2,58,56314.8,2023-06-16,2024-12-29,42.849999999999994,-1.15,970.944827586207
42.9,-9.2,57,24692.75,2023-03-11,2024-08-11,42.949999999999996,-9.149999999999999,433.2061403508772
41.2,1.2,57,22768.33,2023-02-03,2024-09-27,41.25,1.25,399.4443859649123
42.0,2.5,55,37868.82,2023-11-17,2024-08-31,42.05,2.55,688.524
42.5,-6.9,55,13071.5,2024-05-24,2024-09-27,42.55,-6.8500000000000005,237.66363636363636
37.5,-5.1,55,6575.51,2024-02-07,2024-11-01,37.55,-5.05,119.55472727272728
43.5,-8.4,55,56812.07,2023-08-01,2024-09-27,43.55,-8.35,1032.9467272727272
43.2,-5.2,55,20183.85,2024-03-23,2024-09-08,43.25,-5.15,366.97909090909087
38.4,-3.4,55,19368.19,2023-07-01,2024-07-26,38.449999999999996,-3.35,352.14890909090906
41.5,1.8,54,32338.65,2023-04-20,2023-12-29,41.55,1.85,598.8638888888889
41.4,-3.8,54,13463.0,2024-01-26,2024-09-21,41.449999999999996,-3.75,249.3148148148148
39.8,-0.1,54,19812.1,2023-10-31,2024-12-28,39.849999999999994,-0.05,366.89074074074074
42.9,-7.3,53,24452.54,2023-06-05,2024-09-20,42.949999999999996,-7.25,461.36867924528303
37.6,-5.7,53,47373.83,2023-01-27,2024-11-29,37.65,-5.65,893.8458490566038
39.8,3.1,53,133202.26,2024-04-22,2024-10-28,39.849999999999994,3.15,2513.2501886792456
41.0,0.4,53,26200.07,2023-06-06,2023-12-24,41.05,0.45,494.3409433962264
41.2,-1.8,53,17922.35,2023-05-26,2024-12-31,41.25,-1.75,338.15754716981127
42.0,3.0,52,36761.43,2023-02-03,2024-09-27,42.05,3.05,706.9505769230769
40.2,-0.5,52,30937.4,2024-02-29,2024-09-06,40.25,-0.45,594.95
39.2,-1.4,52,5248.0,2023-01-21,2023-10-14,39.25,-1.3499999999999999,100.92307692307692
37.7,-0.9,51,9956.38,2023-08-15,2024-09-27,37.75,-0.85,195.22313725490196
42.6,-0.4,51,17546.88,2024-02-02,2024-08-20,42.65,-0.35000000000000003,344.0564705882353
37.7,-1.7,49,12799.7,2023-06-02,2023-12-28,37.75,-1.65,261.2183673469388
43.5,-7.8,49,20930.11,2024-04-30,2024-10-01,43.55,-7.75,427.1451020408163
38.8,-3.6,49,15471.369999999999,2023-11-21,2025-05-23,38.849999999999994,-3.5500000000000003,315.74224489795915
36.4,-5.5,49,23198.09,2023-09-02,2024-09-20,36.449999999999996,-5.45,473.4304081632653
37.1,-4.8,49,64513.83,2023-03-03,2024-12-13,37.15,-4.75,1316.6087755102042
42.9,-3.5,49,48298.55,2023-03-17,2024-07-12,42.949999999999996,-3.45,985.6846938775511
36.7,-4.9,49,24637.32,2024-02-17,2024-11-15,36.75,-4.8500000000000005,502.8024489795918
27.8,-18.0,48,26090.71,2024-01-19,2025-01-25,27.85,-17.95,543.5564583333334
43.5,-6.7,48,37029.1,2023-04-03,2023-09-07,43.55,-6.65,771.4395833333333
43.3,-3.9,48,4711.5,2023-04-27,2023-08-21,43.349999999999994,-3.85,98.15625
36.1,-115.2,48,13118.57,2023-01-27,2024-04-16,36.15,-115.15,273.30354166666666
42.4,0.7,48,13497.0,2024-01-26,2024-08-29,42.449999999999996,0.75,281.1875
37.7,-3.0,48,30393.08,2024-03-08,2024-10-09,37.75,-2.95,633.1891666666667
37.2,-4.2,48,22295.0,2023-01-19,2024-10-04,37.25,-4.15,464.4791666666667
39.7,-0.9,47,8751.72,2023-01-05,2023-05-20,39.75,-0.85,186.2068085106383
38.0,-4.7,47,57914.04,2023-05-18,2024-08-10,38.05,-4.65,1232.2136170212766
39.0,-5.6,47,15235.02,2023-05-05,2024-01-19,39.05,-5.55,324.1493617021277
41.8,-2.5,47,7489.37,2024-05-02,2025-01-04,41.849999999999994,-2.45,159.34829787234042
43.3,-3.6,47,45543.14,2023-01-27,2024-08-31,43.349999999999994,-3.5500000000000003,969.0029787234042
37.1,-4.4,46,11423.82,2024-06-17,2024-10-30,37.15,-4.3500000000000005,248.34391304347827
41.3,1.6,46,58657.64,2023-02-10,2024-10-04,41.349999999999994,1.6500000000000001,1275.1660869565217
42.1,-8.0,46,13410.15,2024-02-16,2024-09-28,42.15,-7.95,291.525
42.0,0.0,46,11872.12,2023-04-05,2023-09-29,42.05,0.05,258.08956521739134
42.0,-4.9,46,19147.59,2023-06-08,2023-10-13,42.05,-4.8500000000000005,416.25195652173915
39.1,-3.3,46,6678.0,2024-03-23,2024-11-01,39.15,-3.25,145.17391304347825
41.2,1.3,44,36175.3,2023-07-29,2024-12-30,41.25,1.35,822.1659090909092
38.7,-3.8,44,5161.8,2024-01-05,2024-08-02,38.75,-3.75,117.31363636363636
37.2,-6.0,44,15947.58,2023-11-03,2024-09-19,37.25,-5.95,362.445
43.4,-5.1,44,24723.06,2023-04-06,2024-08-18,43.449999999999996,-5.05,561.8877272727273
28.6,-13.9,44,59852.37,2023-02-06,2024-12-26,28.650000000000002,-13.85,1360.2811363636365
41.9,0.5,43,18516.06,2024-03-01,2024-09-20,41.949999999999996,0.55,430.60604651162794
43.1,-1.8,43,28908.42,2024-02-16,2024-11-08,43.15,-1.75,672.2888372093023
41.1,-3.8,43,33247.62,2023-05-19,2024-09-27,41.15,-3.75,773.2004651162791
43.0,-4.7,42,13038.32,2024-04-06,2024-09-11,43.05,-4.65,310.43619047619046
40.7,-3.5,42,10723.95,2023-10-31,2024-07-19,40.75,-3.45,255.33214285714288
38.4,-0.4,42,44817.58,2023-02-06,2024-10-11,38.449999999999996,-0.35000000000000003,1067.085238095238
37.4,-5.8,42,27862.4,2023-11-03,2024-11-03,37.449999999999996,-5.75,663.3904761904762
41.6,1.9,42,39362.44,2023-10-20,2024-09-15,41.65,1.95,937.2009523809525
41.6,2.0,42,15877.91,2023-11-20,2024-08-12,41.65,2.05,378.04547619047617
37.4,-6.1,41,130337.45,2023-02-18,2025-05-09,37.449999999999996,-6.05,3178.962195121951
36.8,-5.3,41,46918.76,2023-04-04,2024-10-28,36.849999999999994,-5.25,1144.3600000000001
37.0,-95.8,41,69260.0,2023-01-20,2024-12-21,37.05,-95.75,1689.2682926829268
40.7,0.5,41,19858.24,2024-03-17,2024-08-28,40.75,0.55,484.34731707317076
42.3,-3.1,40,23215.0,2023-03-03,2024-01-26,42.349999999999994,-3.0500000000000003,580.375
40.2,-5.7,40,9461.94,2023-03-17,2024-10-04,40.25,-5.65,236.54850000000002
41.9,0.8,40,18581.7,2023-01-21,2024-09-08,41.949999999999996,0.8500000000000001,464.5425
38.4,-0.3,39,214420.04,2023-03-04,2025-05-07,38.449999999999996,-0.25,5497.949743589744
39.2,-2.7,39,20494.75,2023-06-30,2024-09-18,39.25,-2.6500000000000004,525.5064102564103
40.4,0.1,38,26022.64,2023-02-24,2024-08-19,40.449999999999996,0.15000000000000002,684.8063157894736
39.4,-6.4,38,10025.45,2023-12-06,2024-08-12,39.449999999999996,-6.3500000000000005,263.8276315789474
42.6,0.2,38,5587.5,2024-03-28,2024-08-17,42.65,0.25,147.03947368421052
39.7,3.3,38,129355.03,2023-06-02,2024-10-12,39.75,3.3499999999999996,3404.0797368421054
42.2,-8.1,37,19460.98,2023-02-16,2024-08-22,42.25,-8.049999999999999,525.9724324324325
42.1,0.9,37,13660.88,2023-01-21,2024-08-13,42.15,0.9500000000000001,369.212972972973
41.1,0.4,37,7104.96,2023-07-13,2024-02-10,41.15,0.45,192.02594594594595
43.0,-8.9,37,23435.75,2024-02-09,2024-12-04,43.05,-8.85,633.3986486486486
38.0,-1.1,36,3208.71,2023-01-04,2023-12-15,38.05,-1.05,89.13083333333333
43.4,-6.4,36,30993.74,2024-03-28,2024-09-16,43.449999999999996,-6.3500000000000005,860.9372222222223
42.3,-3.7,36,5634.92,2024-04-27,2024-08-24,42.349999999999994,-3.6500000000000004,156.52555555555557
36.7,-4.6,36,38653.28,2024-01-19,2024-10-09,36.75,-4.55,1073.7022222222222
42.3,3.0,36,25279.9,2023-08-05,2024-08-17,42.349999999999994,3.05,702.2194444444444
41.5,2.2,35,14018.45,2024-05-10,2024-10-14,41.55,2.25,400.5271428571429
41.9,-1.7,34,34500.79,2024-03-01,2024-12-29,41.949999999999996,-1.65,1014.7291176470588
40.5,-4.6,33,35197.1,2024-03-01,2024-09-06,40.55,-4.55,1066.5787878787878
42.0,2.2,33,39565.88,2023-05-26,2024-09-13,42.05,2.25,1198.9660606060606
28.5,-18.0,33,16797.0,2024-01-11,2024-11-18,28.55,-17.95,509.0
42.5,0.8,32,21227.739999999998,2023-02-01,2024-09-03,42.55,0.8500000000000001,663.3668749999999
42.3,2.7,32,52265.229999999996,2023-03-23,2024-10-03,42.349999999999994,2.75,1633.2884374999999
42.1,-6.8,32,11118.75,2023-02-23,2024-08-09,42.15,-6.75,347.4609375
28.3,-14.1,32,9958.99,2024-02-09,2025-01-04,28.35,-14.049999999999999,311.2184375
41.3,-3.8,31,6887.0,2023-04-25,2023-06-04,41.349999999999994,-3.75,222.16129032258064
41.3,1.7,31,69775.59,2024-03-28,2025-08-02,41.349999999999994,1.75,2250.8254838709677
39.3,-5.1,31,23863.739999999998,2023-06-23,2024-08-20,39.349999999999994,-5.05,769.798064516129
42.5,-5.9,31,6169.0,2024-03-04,2024-08-31,42.55,-5.8500000000000005,199.0
42.0,-6.7,31,7040.1,2023-04-05,2023-12-09,42.05,-6.65,227.10000000000002
40.2,-5.9,31,10268.75,2023-01-10,2023-12-06,40.25,-5.8500000000000005,331.25
39.6,-5.1,30,8777.0,2023-02-18,2024-05-11,39.65,-5.05,292.56666666666666
28.9,-13.5,30,11175.83,2023-03-14,2024-01-08,28.95,-13.45,372.5276666666667
39.4,-3.5,30,21179.32,2023-10-04,2024-12-28,39.449999999999996,-3.45,705.9773333333334
40.8,-1.9,30,8982.0,2023-12-01,2024-08-16,40.849999999999994,-1.8499999999999999,299.4
38.5,-0.1,29,172481.2,2023-06-06,2024-10-02,38.55,-0.05,5947.627586206897
38.6,-0.3,29,33328.54,2023-01-28,2023-12-22,38.65,-0.25,1149.26
37.8,-6.5,29,6135.6900000000005,2023-08-24,2024-07-27,37.849999999999994,-6.45,211.57551724137932
43.2,-3.9,29,38368.63,2023-01-20,2024-08-18,43.25,-3.85,1323.0562068965517
42.5,0.3,29,12478.9,2024-03-25,2024-12-28,42.55,0.35,430.30689655172415
42.3,-5.1,29,1798.0,2023-05-17,2023-10-02,42.349999999999994,-5.05,62.0
42.8,-6.9,29,9576.84,2023-02-10,2024-08-29,42.849999999999994,-6.8500000000000005,330.2358620689655
31.3,-86.5,28,16420.03,2023-03-24,2023-10-20,31.35,-86.45,586.4296428571428
41.7,2.8,28,107986.84,2024-04-19,2024-11-22,41.75,2.8499999999999996,3856.672857142857
40.9,-3.9,28,8724.48,2024-03-26,2024-09-21,40.949999999999996,-3.85,311.5885714285714
37.4,-4.5,28,2233.56,2024-05-24,2025-09-24,37.449999999999996,-4.45,79.77
38.4,-2.4,27,6368.85,2023-12-06,2024-08-05,38.449999999999996,-2.35,235.88333333333335
37.2,-4.4,27,13877.22,2023-04-03,2024-02-20,37.25,-4.3500000000000005,513.9711111111111
38.9,-3.3,27,4625.0,2023-07-13,2024-08-30,38.949999999999996,-3.25,171.2962962962963
40.0,-0.4,26,3593.16,2023-01-07,2023-08-18,40.05,-0.35000000000000003,138.19846153846154
37.4,-4.7,26,2874.9,2024-02-22,2024-07-06,37.449999999999996,-4.65,110.57307692307693
43.4,-8.4,26,8040.0,2024-03-22,2024-08-23,43.449999999999996,-8.35,309.2307692307692
40.1,-4.7,26,55402.0,2023-02-17,2023-09-01,40.15,-4.65,2130.846153846154
29.0,-13.6,26,21361.36,2024-04-20,2024-12-28,29.05,-13.549999999999999,821.5907692307693
37.2,-1.9,26,22020.91,2023-04-02,2024-08-21,37.25,-1.8499999999999999,846.9580769230769
42.3,-4.6,26,1069.0,2023-03-14,2023-09-13,42.349999999999994,-4.55,41.11538461538461
40.5,-3.1,26,29586.08,2024-05-30,2024-12-05,40.55,-3.0500000000000003,1137.926153846154
38.1,-2.6,26,8134.7,2023-01-21,2023-08-27,38.15,-2.5500000000000003,312.8730769230769
41.8,-1.7,26,20167.29,2023-10-21,2024-08-17,41.849999999999994,-1.65,775.6650000000001
39.5,-0.4,25,21637.79,2024-01-11,2024-11-30,39.55,-0.35000000000000003,865.5116
42.6,0.8,25,12783.02,2023-07-31,2024-07-03,42.65,0.8500000000000001,511.3208
40.8,-4.6,25,26427.0,2023-12-02,2024-08-30,40.849999999999994,-4.55,1057.08
29.1,-13.6,25,30253.19,2024-01-20,2024-12-28,29.150000000000002,-13.549999999999999,1210.1276
42.5,-2.3,25,30848.41,2023-03-17,2024-12-26,42.55,-2.25,1233.9364
42.1,1.2,24,9636.27,2023-06-02,2023-12-15,42.15,1.25,401.51125
37.1,-5.9,24,22244.43,2024-04-28,2025-03-01,37.15,-5.8500000000000005,926.85125
28.1,-14.3,24,20575.61,2024-03-26,2025-01-11,28.150000000000002,-14.25,857.3170833333334
41.7,2.7,23,16811.09,2023-07-20,2024-07-08,41.75,2.75,730.9169565217392
36.7,-3.7,23,22042.54,2023-03-17,2024-08-15,36.75,-3.6500000000000004,958.3713043478261
42.2,1.8,23,2746.52,2023-10-11,2023-12-24,42.25,1.85,119.41391304347826
37.3,-1.7,23,23135.17,2023-10-27,2024-09-27,37.349999999999994,-1.65,1005.8769565217391
36.0,-5.8,23,9033.18,2024-04-10,2025-03-25,36.05,-5.75,392.74695652173915
36.8,-4.0,22,47881.69,2023-12-23,2024-10-25,36.849999999999994,-3.95,2176.4404545454545
36.3,-94.3,22,25121.09,2023-01-27,2024-02-12,36.349999999999994,-94.25,1141.8677272727273
39.4,-1.4,22,9066.119999999999,2024-02-10,2024-12-30,39.449999999999996,-1.3499999999999999,412.0963636363636
41.3,-3.5,22,15606.98,2023-09-30,2024-03-29,41.349999999999994,-3.45,709.4081818181818
42.1,-0.5,21,5665.57,2024-03-12,2024-09-06,42.15,-0.45,269.7890476190476
39.4,2.4,21,41970.91,2024-04-01,2024-10-27,39.449999999999996,2.4499999999999997,1998.614761904762
42.0,1.4,21,33350.53,2023-07-10,2023-08-21,42.05,1.45,1588.1204761904762
42.1,2.8,21,37225.76,2023-05-05,2024-09-26,42.15,2.8499999999999996,1772.6552380952382
42.6,-2.4,21,12701.42,2023-04-01,2024-08-25,42.65,-2.35,604.8295238095238
37.0,-3.7,21,18426.67,2024-03-01,2025-04-26,37.05,-3.6500000000000004,877.4604761904761
40.3,-4.5,20,6497.29,2023-01-27,2023-07-14,40.349999999999994,-4.45,324.8645
42.8,-3.7,20,9105.4,2024-06-02,2024-08-05,42.849999999999994,-3.6500000000000004,455.27
38.0,-3.1,20,5140.41,2024-05-10,2024-12-06,38.05,-3.0500000000000003,257.02049999999997
42.4,-2.0,20,5772.849999999999,2023-06-14,2024-08-14,42.449999999999996,-1.95,288.6425
39.9,-2.9,20,18932.61,2024-04-05,2024-09-01,39.949999999999996,-2.85,946.6305
42.5,-9.1,20,2662.0699999999997,2023-10-06,2024-03-11,42.55,-9.049999999999999,133.1035
40.3,-0.6,19,19656.0,2023-07-19,2024-05-01,40.349999999999994,-0.5499999999999999,1034.5263157894738
41.8,2.0,19,16676.6,2023-07-15,2024-07-22,41.849999999999994,2.05,877.7157894736841
37.8,-6.9,19,4328.6,2024-05-30,2024-08-19,37.849999999999994,-6.8500000000000005,227.82105263157897
38.0,-6.6,19,13300.52,2024-03-28,2024-08-30,38.05,-6.55,700.0273684210526
38.7,-3.4,18,17243.02,2024-04-11,2024-09-27,38.75,-3.35,957.9455555555555
43.5,-5.3,18,17731.04,2023-06-09,2024-08-03,43.55,-5.25,985.0577777777778
40.3,-5.2,18,10916.3,2023-03-24,2024-09-06,40.349999999999994,-5.15,606.4611111111111
41.6,-3.7,18,11192.26,2023-06-02,2024-04-26,41.65,-3.6500000000000004,621.7922222222222
39.4,-2.7,18,3670.0,2024-03-27,2024-07-06,39.449999999999996,-2.6500000000000004,203.88888888888889
40.5,-6.7,17,11975.0,2023-01-20,2023-09-04,40.55,-6.65,704.4117647058823
41.2,-4.7,17,6134.82,2024-03-01,2024-11-01,41.25,-4.65,360.87176470588236
39.4,-6.3,17,20936.74,2024-03-22,2024-10-18,39.449999999999996,-6.25,1231.5729411764707
40.4,-4.9,17,9722.5,2023-03-18,2023-12-29,40.449999999999996,-4.8500000000000005,571.9117647058823
37.0,-3.3,16,1642.0,2024-06-12,2024-10-19,37.05,-3.25,102.625
41.2,1.6,16,32056.4,2024-05-31,2025-06-28,41.25,1.6500000000000001,2003.525
42.5,-0.7,16,4039.33,2023-06-01,2023-09-01,42.55,-0.6499999999999999,252.458125
37.4,-4.3,15,11878.92,2024-05-04,2024-08-26,37.449999999999996,-4.25,791.928
36.8,-2.6,15,12859.93,2024-03-17,2024-10-24,36.849999999999994,-2.5500000000000003,857.3286666666667
38.9,1.3,15,29465.4,2024-03-27,2024-09-23,38.949999999999996,1.35,1964.3600000000001
40.0,-5.6,15,8793.460000000001,2024-02-09,2024-06-29,40.05,-5.55,586.2306666666667
39.9,-4.3,15,11730.18,2024-02-16,2024-08-09,39.949999999999996,-4.25,782.0120000000001
37.2,-2.2,14,5974.71,2024-03-28,2024-08-17,37.25,-2.1500000000000004,426.765
36.7,-6.4,14,24076.8,2023-12-01,2024-09-23,36.75,-6.3500000000000005,1719.7714285714285
38.9,-5.9,14,4163.0,2024-01-08,2024-05-24,38.949999999999996,-5.8500000000000005,297.35714285714283
36.7,-4.3,14,14893.14,2023-02-01,2024-08-26,36.75,-4.25,1063.7957142857142
36.9,-2.4,14,17499.3,2024-03-09,2024-11-07,36.949999999999996,-2.35,1249.95
42.8,-9.1,14,7470.59,2024-05-08,2024-08-23,42.849999999999994,-9.049999999999999,533.6135714285714
42.3,-2.5,13,6665.84,2023-01-15,2023-10-04,42.349999999999994,-2.45,512.756923076923
28.1,-15.8,13,24224.49,2023-12-21,2024-08-05,28.150000000000002,-15.75,1863.4223076923079
39.9,-4.4,13,13270.09,2024-03-27,2024-12-24,39.949999999999996,-4.3500000000000005,1020.7761538461539
43.1,-2.6,13,25760.0,2024-05-01,2024-10-04,43.15,-2.5500000000000003,1981.5384615384614
42.1,0.4,13,12116.18,2023-12-06,2024-08-16,42.15,0.45,932.0138461538462
42.9,-2.0,13,10938.38,2023-02-10,2023-08-22,42.949999999999996,-1.95,841.4138461538461
42.3,-3.6,12,831.0,2023-02-03,2023-04-01,42.349999999999994,-3.5500000000000003,69.25
42.8,-5.2,12,11450.0,2023-04-03,2023-10-02,42.849999999999994,-5.15,954.1666666666666
39.5,2.9,12,40394.63,2023-11-18,2024-10-10,39.55,2.9499999999999997,3366.2191666666663
38.1,-1.8,12,2093.48,2023-01-14,2023-06-09,38.15,-1.75,174.45666666666668
38.8,1.3,12,46408.4,2024-04-15,2024-09-12,38.849999999999994,1.35,3867.366666666667
37.1,-5.5,12,1585.0,2024-03-06,2024-09-28,37.15,-5.45,132.08333333333334
27.9,-15.5,11,9200.0,2023-11-10,2024-04-05,27.95,-15.45,836.3636363636364
40.3,0.4,11,8426.55,2024-03-29,2024-08-20,40.349999999999994,0.45,766.05
40.4,0.4,11,10195.619999999999,2023-08-01,2025-02-21,40.449999999999996,0.45,926.8745454545453
40.7,-4.1,11,11344.18,2023-12-23,2024-09-13,40.75,-4.05,1031.2890909090909
39.7,-2.9,11,13668.51,2024-03-29,2024-11-29,39.75,-2.85,1242.591818181818
39.6,3.2,11,26412.57,2023-04-06,2023-09-27,39.65,3.25,2401.1427272727274
40.4,-5.2,11,2459.25,2024-03-23,2024-06-28,40.449999999999996,-5.15,223.5681818181818
37.9,-2.5,11,1097.05,2023-12-28,2024-07-04,37.949999999999996,-2.45,99.73181818181818
39.2,-0.3,11,6725.39,2023-07-17,2024-03-27,39.25,-0.25,611.3990909090909
36.8,-4.6,11,12627.55,2024-03-28,2024-08-21,36.849999999999994,-4.55,1147.959090909091
39.9,-4.1,11,13889.14,2024-05-09,2024-12-24,39.949999999999996,-4.05,1262.6490909090908
42.0,2.1,10,6267.4,2023-06-16,2023-07-14,42.05,2.15,626.74
37.3,-6.2,10,3589.3900000000003,2024-05-18,2024-07-27,37.349999999999994,-6.15,358.939
41.6,2.8,10,1487.08,2023-12-23,2023-12-31,41.65,2.8499999999999996,148.708
42.6,0.7,10,8681.65,2024-06-21,2024-08-20,42.65,0.75,868.165
41.3,1.8,10,15846.310000000001,2023-06-23,2024-09-28,41.349999999999994,1.85,1584.631
40.8,-1.7,10,6544.32,2024-01-03,2024-08-02,40.849999999999994,-1.65,654.432
37.7,-1.6,10,13437.84,2024-05-17,2025-03-01,37.75,-1.55,1343.784
42.6,-6.3,10,7600.0,2023-10-06,2024-09-19,42.65,-6.25,760.0
28.5,-16.5,10,7544.77,2024-05-08,2025-07-01,28.55,-16.45,754.4770000000001
39.0,1.4,10,6293.18,2023-09-05,2024-08-17,39.05,1.45,629.318
38.6,-7.2,10,8431.95,2024-03-22,2024-08-01,38.65,-7.15,843.195
39.2,-3.1,9,6100.0,2024-02-04,2024-02-19,39.25,-3.0500000000000003,677.7777777777778
43.4,-3.8,9,3280.85,2024-05-28,2024-08-26,43.449999999999996,-3.75,364.5388888888889
36.5,-5.1,9,17657.85,2024-02-09,2024-10-05,36.55,-5.05,1961.9833333333331
39.4,2.8,9,24822.77,2024-05-26,2024-09-19,39.449999999999996,2.8499999999999996,2758.0855555555554
41.5,-4.6,9,6343.37,2023-05-26,2024-06-23,41.55,-4.55,704.8188888888889
42.6,0.5,9,3743.4,2023-05-22,2024-09-06,42.65,0.55,415.93333333333334
39.6,2.8,9,17368.6,2023-10-27,2024-09-08,39.65,2.8499999999999996,1929.8444444444442
41.1,0.8,8,2721.6,2023-02-17,2023-08-04,41.15,0.8500000000000001,340.2
42.2,1.0,8,7611.65,2023-11-22,2024-05-09,42.25,1.05,951.45625
38.1,-0.7,8,1911.74,2024-06-21,2024-08-16,38.15,-0.6499999999999999,238.9675
38.9,-4.0,8,772.75,2024-06-10,2024-12-05,38.949999999999996,-3.95,96.59375
40.4,-0.8,8,5113.36,2023-12-07,2024-03-16,40.449999999999996,-0.75,639.17
42.5,0.4,7,2700.0,2024-06-13,2024-06-27,42.55,0.45,385.7142857142857
40.9,-4.3,7,8062.0,2024-06-14,2024-09-20,40.949999999999996,-4.25,1151.7142857142858
41.8,-5.2,7,20395.29,2024-02-24,2024-06-24,41.849999999999994,-5.15,2913.612857142857
43.3,-5.5,7,11440.0,2023-12-26,2024-08-19,43.349999999999994,-5.45,1634.2857142857142
39.6,-0.3,7,39410.0,2024-04-12,2024-11-01,39.65,-0.25,5630.0
36.9,-5.6,7,5112.16,2024-05-17,2024-10-04,36.949999999999996,-5.55,730.3085714285714
42.1,-3.3,7,3344.2,2024-04-12,2024-08-08,42.15,-3.25,477.74285714285713
39.6,-4.2,7,8736.5,2024-03-28,2024-08-10,39.65,-4.15,1248.0714285714287
40.9,-0.1,6,2080.0,2024-06-14,2024-07-01,40.949999999999996,-0.05,346.6666666666667
40.0,-5.8,6,967.28,2024-03-01,2024-06-05,40.05,-5.75,161.21333333333334
40.6,-4.0,6,2385.9100000000003,2024-06-18,2025-02-06,40.65,-3.95,397.6516666666667
40.1,-6.8,6,1328.43,2023-04-27,2023-09-07,40.15,-6.75,221.405
40.3,-4.4,6,10347.17,2024-06-11,2024-08-18,40.349999999999994,-4.3500000000000005,1724.5283333333334
37.4,-4.2,6,4470.0,2023-10-11,2023-10-31,37.449999999999996,-4.15,745.0
43.4,-4.2,6,9975.0,2024-03-28,2024-08-12,43.449999999999996,-4.15,1662.5
42.8,-5.9,6,5239.84,2023-04-05,2023-08-05,42.849999999999994,-5.8500000000000005,873.3066666666667
39.9,-5.0,6,505.0,2023-05-26,2023-07-11,39.949999999999996,-4.95,84.16666666666667
42.5,1.4,6,794.27,2024-06-19,2024-08-19,42.55,1.45,132.37833333333333
28.1,-17.4,6,2895.0,2023-09-20,2024-03-03,28.150000000000002,-17.349999999999998,482.5
42.4,-1.7,5,5160.0,2023-05-19,2023-08-25,42.449999999999996,-1.65,1032.0
28.6,-18.0,5,4293.0,2024-08-01,2025-05-22,28.650000000000002,-17.95,858.6
28.1,-15.7,5,2949.0,2023-08-01,2024-05-23,28.150000000000002,-15.649999999999999,589.8
42.8,-6.5,5,484.39,2024-03-30,2024-06-08,42.849999999999994,-6.45,96.878
39.5,3.0,5,4171.4,2023-10-24,2024-10-03,39.55,3.05,834.28
42.3,-4.7,5,260.0,2024-05-22,2024-05-26,42.349999999999994,-4.65,52.0
43.2,-4.0,5,6622.4,2024-07-02,2024-08-19,43.25,-3.95,1324.48
40.1,0.1,5,2988.65,2024-06-10,2024-08-05,40.15,0.15000000000000002,597.73
42.1,-8.6,5,5047.53,2023-12-01,2024-08-20,42.15,-8.549999999999999,1009.506
36.1,-5.4,4,1474.8,2024-05-04,2024-09-21,36.15,-5.3500000000000005,368.7
43.4,-5.0,4,9288.939999999999,2024-07-06,2024-07-21,43.449999999999996,-4.95,2322.2349999999997
40.5,-4.8,4,1800.0,2023-02-10,2023-05-17,40.55,-4.75,450.0
40.9,-0.3,4,1641.0,2024-06-17,2024-09-01,40.949999999999996,-0.25,410.25
40.0,-6.0,4,3390.0,2023-10-27,2024-07-12,40.05,-5.95,847.5
42.0,2.3,4,222.4,2024-06-01,2024-06-20,42.05,2.3499999999999996,55.6
38.6,-1.5,4,3200.0,2023-09-01,2023-12-29,38.65,-1.45,800.0
42.7,-8.8,4,9166.32,2023-08-15,2024-09-26,42.75,-8.75,2291.58
42.9,-5.1,4,1358.0,2023-04-06,2023-09-08,42.949999999999996,-5.05,339.5
37.8,-3.8,4,1990.55,2024-03-15,2024-08-12,37.849999999999994,-3.75,497.6375
42.3,2.9,4,2590.0,2023-08-13,2024-06-08,42.349999999999994,2.9499999999999997,647.5
42.7,0.8,4,1468.58,2024-03-26,2024-09-17,42.75,0.8500000000000001,367.145
40.8,-6.1,3,850.04,2023-09-01,2024-06-01,40.849999999999994,-6.05,283.34666666666664
42.5,-1.7,3,155.0,2024-03-30,2024-05-02,42.55,-1.65,51.666666666666664
41.3,0.7,3,1631.91,2023-02-18,2023-04-07,41.349999999999994,0.75,543.97
39.6,-4.3,3,848.0,2023-01-08,2023-01-08,39.65,-4.25,282.6666666666667
43.6,-8.2,3,2816.0,2024-05-02,2024-08-20,43.65,-8.149999999999999,938.6666666666666
37.7,-3.5,3,430.77,2023-10-13,2023-12-07,37.75,-3.45,143.59
39.3,-6.1,3,1042.52,2023-12-07,2024-01-26,39.349999999999994,-6.05,347.50666666666666
37.9,-6.8,3,1420.0,2024-03-27,2024-05-24,37.949999999999996,-6.75,473.3333333333333
41.3,0.6,3,812.72,2024-02-19,2024-07-11,41.349999999999994,0.65,270.9066666666667
38.9,-5.6,3,3175.0,2023-04-12,2023-04-12,38.949999999999996,-5.55,1058.3333333333333
41.1,1.3,3,9360.609999999999,2024-07-15,2024-09-06,41.15,1.35,3120.203333333333
41.7,1.0,3,993.6600000000001,2024-04-13,2024-07-20,41.75,1.05,331.22
36.6,-5.5,3,2880.0,2023-10-20,2024-03-15,36.65,-5.45,960.0
28.1,-16.9,3,2247.95,2023-12-28,2024-03-24,28.150000000000002,-16.849999999999998,749.3166666666666
41.8,-4.4,3,864.3399999999999,2023-01-28,2023-05-20,41.849999999999994,-4.3500000000000005,288.1133333333333
43.6,-7.9,3,6196.2,2023-07-14,2023-08-13,43.65,-7.8500000000000005,2065.4
42.0,-2.0,2,672.0,2024-07-24,2024-08-30,42.05,-1.95,336.0
40.3,-6.3,2,450.0,2024-06-28,2024-07-26,40.349999999999994,-6.25,225.0
36.7,-4.8,2,235.62,2024-06-08,2024-06-29,36.75,-4.75,117.81
39.4,2.7,2,4023.01,2024-09-14,2024-09-26,39.449999999999996,2.75,2011.505
39.5,2.3,2,20365.0,2024-08-05,2024-08-22,39.55,2.3499999999999996,10182.5
41.2,1.9,2,2951.64,2023-08-29,2023-09-05,41.25,1.95,1475.82
40.1,0.2,2,2503.3199999999997,2024-06-29,2024-09-06,40.15,0.25,1251.6599999999999
39.5,3.2,2,448.0,2023-10-23,2023-11-10,39.55,3.25,224.0
28.5,-13.9,2,1217.9,2024-07-16,2025-01-10,28.55,-13.85,608.95
43.6,-7.4,2,1650.0,2024-09-01,2024-11-29,43.65,-7.3500000000000005,825.0
42.6,-7.7,2,172.45,2024-07-27,2024-08-03,42.65,-7.65,86.225
41.1,-4.4,2,2680.0,2024-06-07,2024-06-07,41.15,-4.3500000000000005,1340.0
40.3,-3.9,1,50.0,2023-07-09,2023-07-09,40.349999999999994,-3.85,50.0
38.7,-0.4,1,345.0,2024-03-15,2024-03-15,38.75,-0.35000000000000003,345.0
41.1,-2.9,1,178.0,2024-07-05,2024-07-05,41.15,-2.85,178.0
38.7,-0.5,1,900.0,2023-06-03,2023-06-03,38.75,-0.45,900.0
27.8,-15.6,1,1969.72,2023-07-24,2023-07-24,27.85,-15.549999999999999,1969.72
28.4,-13.9,1,250.0,2024-08-16,2024-08-16,28.45,-13.85,250.0
42.6,-8.2,1,399.64,2023-11-28,2023-11-28,42.65,-8.149999999999999,399.64
41.4,-5.0,1,370.0,2023-04-25,2023-04-25,41.449999999999996,-4.95,370.0
38.0,-6.3,1,150.0,2023-01-26,2023-01-26,38.05,-6.25,150.0
36.4,-4.8,1,3480.0,2024-07-29,2024-07-29,36.449999999999996,-4.75,3480.0
37.6,-3.6,1,57.0,2023-03-31,2023-03-31,37.65,-3.5500000000000003,57.0
39.8,-0.4,1,2480.0,2023-12-28,2023-12-28,39.849999999999994,-0.35000000000000003,2480.0
39.9,-3.0,1,600.0,2023-12-30,2023-12-30,39.949999999999996,-2.95,600.0
40.0,-5.1,1,325.0,2024-07-05,2024-07-05,40.05,-5.05,325.0
40.0,-2.1,1,116.23,2023-01-06,2023-01-06,40.05,-2.0500000000000003,116.23
36.9,-3.7,1,88.0,2023-04-20,2023-04-20,36.949999999999996,-3.6500000000000004,88.0
41.9,1.8,1,55.0,2023-10-09,2023-10-09,41.949999999999996,1.85,55.0
40.2,-5.0,1,1.0,2023-06-14,2023-06-14,40.25,-4.95,1.0
36.7,-4.1,1,1250.9,2024-07-09,2024-07-09,36.75,-4.05,1250.9
41.7,-1.8,1,394.0,2023-03-04,2023-03-04,41.75,-1.75,394.0
42.5,-8.4,1,160.0,2023-02-17,2023-02-17,42.55,-8.35,160.0
